,waist_circumference
0,933
1,870
2,964
3,857
4,868
5,950
6,1073
7,1010
8,1065
9,824
10,994
11,866
12,986
13,1045
14,1007
15,1033
16,908
17,1028
18,874
19,999
20,837
21,880
22,978
23,827
24,1030
25,885
26,1130
27,912
28,864
29,965
30,777
31,1063
32,870
33,966
34,806
35,1096
36,895
37,1214
38,790
39,1002
40,748
41,1043
42,864
43,969
44,1095
45,770
46,840
47,1028
48,1021
49,1061
50,1139
51,922
52,995
53,1047
54,885
55,1379
56,750
57,970
58,1068
59,1012
60,754
61,926
62,827
63,940
64,1133
65,843
66,1021
67,1061
68,786
69,855
70,830
71,743
72,967
73,922
74,1120
75,1060
76,1030
77,974
78,844
79,969
80,1010
81,892
82,1032
83,851
84,979
85,857
86,979
87,984
88,721
89,885
90,961
91,996
92,838
93,752
94,775
95,809
96,862
97,1027
98,797
99,1082
100,942
101,871
102,912
103,873
104,785
105,1023
106,924
107,1001
108,901
109,958
110,972
111,939
112,1003
113,1139
114,1162
115,1111
116,900
117,998
118,1330
119,897
120,911
121,861
122,920
123,1192
124,1012
125,845
126,843
127,910
128,879
129,1031
130,929
131,994
132,815
133,983
134,1004
135,825
136,1077
137,952
138,1047
139,851
140,920
141,934
142,1114
143,967
144,1007
145,1109
146,827
147,947
148,881
149,833
150,963
151,1100
152,852
153,941
154,1026
155,978
156,1150
157,935
158,923
159,973
160,908
161,1111
162,1031
163,1164
164,1006
165,1018
166,992
167,908
168,1053
169,912
170,1049
171,917
172,1066
173,848
174,759
175,959
176,970
177,1068
178,972
179,993
180,898
181,964
182,881
183,821
184,801
185,845
186,1134
187,877
188,951
189,867
190,1029
191,879
192,1015
193,1034
194,844
195,797
196,892
197,865
198,1031
199,912
200,1086
201,914
202,923
203,918
204,831
205,1182
206,1054
207,1118
208,963
209,877
210,912
211,973
212,818
213,783
214,1015
215,694
216,1121
217,870
218,1015
219,738
220,1032
221,979
222,1017
223,883
224,1068
225,1179
226,993
227,880
228,977
229,925
230,1010
231,1004
232,744
233,1045
234,936
235,755
236,997
237,913
238,921
239,899
240,734
241,1124
242,976
243,1084
244,1026
245,1078
246,972
247,903
248,928
249,779
250,1149
251,992
252,989
253,933
254,744
255,714
256,1147
257,976
258,1077
259,835
260,797
261,969
262,918
263,776
264,1124
265,1146
266,797
267,1032
268,1005
269,921
270,1132
271,988
272,797
273,897
274,1145
275,1003
276,1175
277,987
278,1043
279,842
280,915
281,1076
282,968
283,822
284,1108
285,719
286,869
287,931
288,939
289,884
290,912
291,812
292,957
293,1008
294,1121
295,946
296,1029
297,913
298,828
299,972
300,694
301,872
302,1010
303,1141
304,908
305,1091
306,948
307,944
308,1012
309,893
310,992
311,939
312,912
313,942
314,848
315,877
316,1086
317,902
318,826
319,815
320,919
321,766
322,978
323,892
324,904
325,952
326,911
327,903
328,904
329,908
330,958
331,1104
332,891
333,1106
334,1120
335,995
336,922
337,1060
338,1045
339,823
340,884
341,865
342,817
343,952
344,958
345,747
346,884
347,953
348,929
349,913
350,852
351,803
352,1251
353,977
354,1149
355,976
356,913
357,958
358,917
359,930
360,896
361,847
362,776
363,917
364,996
365,1046
366,989
367,1105
368,785
369,955
370,1043
371,978
372,803
373,1157
374,900
375,757
376,810
377,809
378,788
379,1067
380,999
381,1196
382,952
383,799
384,789
385,1095
386,1029
387,772
388,1017
389,1023
390,817
391,877
392,926
393,1149
394,1030
395,870
396,884
397,955
398,1042
399,924
400,944
401,759
402,897
403,852
404,1001
405,897
406,951
407,1093
408,931
409,938
410,884
411,948
412,1078
413,1034
414,969
415,747
416,878
417,872
418,1054
419,914
420,1012
421,1059
422,1046
423,1042
424,1047
425,1030
426,835
427,975
428,911
429,945
430,1036
431,780
432,909
433,929
434,723
435,809
436,769
437,955
438,799
439,933
440,808
441,1070
442,753
443,803
444,863
445,878
446,850
447,815
448,884
449,826
450,975
451,865
452,895
453,848
454,804
455,918
456,1060
457,1075
458,1009
459,1022
460,999
461,932
462,741
463,879
464,801
465,973
466,880
467,1029
468,1004
469,865
470,990
471,988
472,1183
473,820
474,806
475,844
476,917
477,725
478,839
479,986
480,855
481,877
482,969
483,930
484,996
485,923
486,872
487,858
488,947
489,1081
490,793
491,1002
492,1012
493,970
494,999
495,779
496,715
497,865
498,1026
499,990
500,1130
501,975
502,953
503,830
504,917
505,950
506,880
507,715
508,891
509,848
510,767
511,860
512,1069
513,971
514,981
515,949
516,1055
517,980
518,1009
519,1018
520,947
521,899
522,805
523,1189
524,1127
525,951
526,1003
527,946
528,864
529,939
530,1051
531,1010
532,947
533,784
534,1007
535,873
536,1056
537,918
538,1031
539,867
540,919
541,997
542,1070
543,797
544,938
545,845
546,945
547,977
548,753
549,1002
550,1000
551,881
552,907
553,800
554,1039
555,816
556,897
557,815
558,961
559,1022
560,1000
561,1025
562,1007
563,777
564,845
565,799
566,1098
567,956
568,1134
569,926
570,815
571,789
572,811
573,958
574,996
575,983
576,803
577,1038
578,1078
579,1035
580,999
581,1020
582,1088
583,1014
584,836
585,1080
586,1006
587,779
588,950
589,925
590,1214
591,801
592,972
593,772
594,988
595,976
596,983
597,859
598,1063
599,1031
600,1051
601,748
602,1136
603,775
604,740
605,915
606,1051
607,1207
608,802
609,1116
610,1042
611,918
612,1124
613,912
614,1072
615,1042
616,756
617,1003
618,886
619,911
620,815
621,891
622,765
623,1041
624,1054
625,1152
626,1107
627,908
628,1018
629,995
630,1358
631,1067
632,845
633,934
634,901
635,1091
636,1100
637,1013
638,895
639,972
640,932
641,1050
642,1047
643,975
644,969
645,999
646,1002
647,1071
648,890
649,1071
650,1056
651,1021
652,1104
653,962
654,886
655,1000
656,1013
657,1112
658,826
659,1049
660,970
661,820
662,778
663,1165
664,960
665,883
666,888
667,882
668,875
669,821
670,902
671,954
672,963
673,943
674,851
675,907
676,992
677,767
678,835
679,851
680,864
681,887
682,1287
683,1124
684,846
685,813
686,1070
687,735
688,1015
689,895
690,932
691,762
692,884
693,1070
694,739
695,836
696,1080
697,816
698,904
699,756
700,808
701,845
702,1075
703,853
704,1073
705,1018
706,846
707,856
708,883
709,889
710,985
711,1086
712,893
713,911
714,929
715,770
716,751
717,970
718,985
719,958
720,846
721,952
722,775
723,1168
724,915
725,913
726,1021
727,995
728,1016
729,1027
730,1080
731,958
732,1028
733,1097
734,914
735,1032
736,1040
737,984
738,967
739,1024
740,1004
741,908
742,874
743,901
744,924
745,1100
746,983
747,995
748,1074
749,1091
750,970
751,1015
752,934
753,960
754,910
755,1121
756,986
757,974
758,1036
759,887
760,960
761,1021
762,925
763,1048
764,972
765,909
766,917
767,874
768,972
769,955
770,914
771,996
772,868
773,855
774,1023
775,947
776,1017
777,991
778,975
779,939
780,993
781,963
782,975
783,955
784,1006
785,1133
786,993
787,1083
788,1126
789,1027
790,828
791,974
792,1069
793,981
794,1038
795,1016
796,1098
797,934
798,1070
799,1001
800,1072
801,962
802,991
803,933
804,999
805,1028
806,927
807,1012
808,1010
809,1022
810,891
811,904
812,922
813,1039
814,927
815,1130
816,999
817,920
818,944
819,1038
820,948
821,1060
822,933
823,985
824,895
825,1130
826,931
827,919
828,1025
829,903
830,909
831,961
832,983
833,1027
834,1022
835,962
836,1082
837,970
838,1065
839,896
840,984
841,1082
842,827
843,913
844,1010
845,816
846,944
847,1011
848,1058
849,954
850,985
851,954
852,935
853,1143
854,970
855,1068
856,1044
857,1044
858,888
859,893
860,948
861,952
862,924
863,992
864,994
865,991
866,928
867,977
868,1052
869,921
870,889
871,1020
872,931
873,1138
874,1063
875,932
876,972
877,941
878,1001
879,905
880,1079
881,900
882,961
883,915
884,720
885,1060
886,980
887,958
888,1054
889,914
890,1021
891,861
892,1046
893,981
894,1050
895,947
896,930
897,1094
898,1099
899,908
900,952
901,922
902,966
903,823
904,920
905,956
906,1051
907,878
908,976
909,1013
910,969
911,996
912,1041
913,838
914,947
915,1043
916,851
917,1004
918,1043
919,982
920,840
921,827
922,951
923,1047
924,1001
925,1086
926,1059
927,978
928,957
929,773
930,936
931,1112
932,941
933,867
934,766
935,946
936,951
937,930
938,822
939,908
940,1082
941,898
942,909
943,1010
944,860
945,938
946,875
947,836
948,1155
949,1007
950,778
951,1129
952,880
953,1034
954,1036
955,815
956,1008
957,924
958,939
959,1030
960,909
961,995
962,876
963,933
964,1105
965,997
966,955
967,1026
968,958
969,1115
970,838
971,801
972,1263
973,1008
974,855
975,943
976,1211
977,1139
978,1119
979,818
980,1022
981,793
982,777
983,967
984,830
985,1027
986,821
987,1150
988,1206
989,898
990,761
991,1159
992,898
993,1159
994,709
995,1005
996,876
997,1042
998,1022
999,934
1000,917
1001,800
1002,972
1003,859
1004,977
1005,993
1006,1048
1007,841
1008,1034
1009,942
1010,872
1011,808
1012,1047
1013,1124
1014,856
1015,1106
1016,945
1017,1037
1018,889
1019,931
1020,1023
1021,1184
1022,876
1023,835
1024,990
1025,1009
1026,1089
1027,1066
1028,958
1029,813
1030,868
1031,757
1032,1108
1033,1080
1034,1054
1035,884
1036,1007
1037,746
1038,1071
1039,982
1040,795
1041,961
1042,830
1043,988
1044,897
1045,790
1046,855
1047,1116
1048,1077
1049,1185
1050,1055
1051,961
1052,782
1053,1008
1054,961
1055,687
1056,763
1057,887
1058,1018
1059,648
1060,987
1061,1113
1062,809
1063,846
1064,1008
1065,846
1066,880
1067,950
1068,762
1069,956
1070,869
1071,755
1072,1054
1073,847
1074,775
1075,796
1076,803
1077,898
1078,1056
1079,878
1080,902
1081,883
1082,866
1083,757
1084,853
1085,1025
1086,813
1087,1015
1088,998
1089,1064
1090,971
1091,1136
1092,731
1093,969
1094,879
1095,753
1096,964
1097,1020
1098,882
1099,1005
1100,938
1101,757
1102,1016
1103,743
1104,971
1105,842
1106,902
1107,902
1108,1229
1109,997
1110,846
1111,908
1112,778
1113,1356
1114,909
1115,877
1116,836
1117,1013
1118,864
1119,1004
1120,933
1121,995
1122,911
1123,834
1124,766
1125,924
1126,758
1127,921
1128,894
1129,880
1130,1112
1131,798
1132,900
1133,914
1134,1001
1135,1155
1136,1049
1137,813
1138,1113
1139,758
1140,1014
1141,1061
1142,1045
1143,1055
1144,956
1145,993
1146,928
1147,910
1148,833
1149,1067
1150,902
1151,975
1152,887
1153,965
1154,804
1155,940
1156,999
1157,819
1158,947
1159,867
1160,872
1161,956
1162,933
1163,913
1164,1070
1165,1060
1166,1111
1167,897
1168,1038
1169,766
1170,987
1171,1068
1172,855
1173,961
1174,835
1175,834
1176,857
1177,798
1178,1012
1179,1095
1180,1023
1181,937
1182,840
1183,971
1184,963
1185,1222
1186,1171
1187,894
1188,994
1189,1034
1190,1066
1191,1031
1192,1052
1193,861
1194,1140
1195,896
1196,1008
1197,832
1198,1089
1199,796
1200,956
1201,966
1202,1050
1203,1055
1204,859
1205,966
1206,1036
1207,1054
1208,968
1209,945
1210,1068
1211,1014
1212,1001
1213,1065
1214,1194
1215,1170
1216,1182
1217,895
1218,1076
1219,804
1220,1012
1221,1022
1222,1114
1223,885
1224,1084
1225,1000
1226,1073
1227,991
1228,1035
1229,947
1230,981
1231,1051
1232,1023
1233,1137
1234,889
1235,1002
1236,1074
1237,1080
1238,1132
1239,1026
1240,1062
1241,1087
1242,1004
1243,961
1244,882
1245,1023
1246,1069
1247,1180
1248,990
1249,904
1250,1033
1251,1007
1252,1011
1253,979
1254,840
1255,870
1256,1058
1257,1063
1258,962
1259,1153
1260,829
1261,895
1262,1106
1263,1101
1264,1065
1265,838
1266,983
1267,1163
1268,826
1269,782
1270,1039
1271,1090
1272,909
1273,1035
1274,847
1275,981
1276,1046
1277,1025
1278,1067
1279,989
1280,936
1281,886
1282,994
1283,1104
1284,1027
1285,1087
1286,864
1287,815
1288,924
1289,905
1290,918
1291,1013
1292,974
1293,1108
1294,815
1295,1032
1296,925
1297,1000
1298,1014
1299,1009
1300,948
1301,885
1302,977
1303,1185
1304,1146
1305,857
1306,993
1307,1168
1308,953
1309,1142
1310,990
1311,935
1312,1068
1313,965
1314,915
1315,793
1316,984
1317,915
1318,1035
1319,1041
1320,1038
1321,1017
1322,1032
1323,1187
1324,939
1325,846
1326,771
1327,1260
1328,995
1329,827
1330,935
1331,992
1332,798
1333,1020
1334,900
1335,1136
1336,924
1337,1033
1338,873
1339,1071
1340,980
1341,1032
1342,828
1343,964
1344,1192
1345,1050
1346,951
1347,910
1348,907
1349,1105
1350,905
1351,1004
1352,842
1353,1107
1354,979
1355,889
1356,900
1357,959
1358,900
1359,800
1360,923
1361,1050
1362,1052
1363,1156
1364,836
1365,1095
1366,1132
1367,1179
1368,1057
1369,869
1370,757
1371,912
1372,917
1373,952
1374,900
1375,923
1376,1044
1377,866
1378,981
1379,925
1380,997
1381,951
1382,698
1383,897
1384,885
1385,946
1386,813
1387,984
1388,1066
1389,979
1390,960
1391,939
1392,819
1393,1019
1394,1005
1395,1026
1396,991
1397,902
1398,814
1399,1040
1400,973
1401,1262
1402,1037
1403,855
1404,901
1405,1156
1406,950
1407,1129
1408,966
1409,1011
1410,989
1411,800
1412,1013
1413,879
1414,1008
1415,775
1416,884
1417,1035
1418,822
1419,1023
1420,988
1421,904
1422,945
1423,1083
1424,783
1425,954
1426,916
1427,1067
1428,840
1429,841
1430,1055
1431,801
1432,1217
1433,1194
1434,1146
1435,990
1436,1135
1437,1113
1438,852
1439,1146
1440,784
1441,840
1442,970
1443,912
1444,1300
1445,1067
1446,885
1447,830
1448,728
1449,911
1450,822
1451,846
1452,1181
1453,857
1454,940
1455,952
1456,1025
1457,928
1458,894
1459,975
1460,802
1461,885
1462,922
1463,1035
1464,1080
1465,984
1466,795
1467,952
1468,1122
1469,913
1470,780
1471,834
1472,803
1473,1037
1474,775
1475,862
1476,936
1477,873
1478,961
1479,1030
1480,944
1481,867
1482,932
1483,890
1484,1011
1485,952
1486,859
1487,813
1488,887
1489,946
1490,944
1491,862
1492,1185
1493,1072
1494,1015
1495,952
1496,908
1497,864
1498,938
1499,791
1500,880
1501,914
1502,805
1503,1029
1504,820
1505,923
1506,920
1507,1011
1508,952
1509,945
1510,967
1511,1015
1512,892
1513,866
1514,1034
1515,761
1516,924
1517,987
1518,1034
1519,933
1520,917
1521,1021
1522,812
1523,800
1524,883
1525,940
1526,992
1527,816
1528,1088
1529,978
1530,837
1531,904
1532,980
1533,1049
1534,962
1535,966
1536,1073
1537,874
1538,815
1539,900
1540,841
1541,946
1542,1087
1543,1079
1544,906
1545,907
1546,902
1547,899
1548,892
1549,850
1550,792
1551,934
1552,1074
1553,880
1554,1006
1555,1103
1556,931
1557,1065
1558,801
1559,962
1560,928
1561,964
1562,766
1563,1022
1564,1061
1565,1051
1566,942
1567,1087
1568,1136
1569,1025
1570,1136
1571,864
1572,831
1573,842
1574,900
1575,947
1576,1137
1577,1097
1578,947
1579,1040
1580,748
1581,1026
1582,971
1583,976
1584,919
1585,910
1586,906
1587,836
1588,1022
1589,895
1590,1080
1591,916
1592,1084
1593,975
1594,847
1595,808
1596,868
1597,837
1598,960
1599,774
1600,1004
1601,1077
1602,701
1603,892
1604,942
1605,800
1606,1064
1607,1109
1608,1034
1609,1308
1610,1057
1611,844
1612,909
1613,808
1614,1115
1615,859
1616,990
1617,965
1618,828
1619,832
1620,1002
1621,900
1622,1030
1623,895
1624,788
1625,892
1626,907
1627,1077
1628,994
1629,1032
1630,1037
1631,842
1632,995
1633,1115
1634,1014
1635,1142
1636,905
1637,1082
1638,1016
1639,967
1640,915
1641,879
1642,1043
1643,887
1644,1152
1645,938
1646,963
1647,992
1648,999
1649,1097
1650,865
1651,791
1652,1073
1653,907
1654,798
1655,1108
1656,975
1657,992
1658,1040
1659,857
1660,1197
1661,961
1662,879
1663,770
1664,763
1665,789
1666,975
1667,862
1668,974
1669,804
1670,838
1671,986
1672,890
1673,1125
1674,963
1675,826
1676,1118
1677,917
1678,939
1679,799
1680,935
1681,1081
1682,821
1683,1050
1684,1057
1685,874
1686,1056
1687,1047
1688,1062
1689,1195
1690,1048
1691,969
1692,1040
1693,863
1694,1181
1695,882
1696,809
1697,1023
1698,848
1699,1136
1700,984
1701,820
1702,1002
1703,1023
1704,1114
1705,894
1706,1077
1707,880
1708,992
1709,1063
1710,1014
1711,994
1712,1148
1713,859
1714,790
1715,1081
1716,781
1717,810
1718,865
1719,843
1720,895
1721,914
1722,1265
1723,990
1724,868
1725,852
1726,875
1727,961
1728,1055
1729,1144
1730,1006
1731,1049
1732,1108
1733,1021
1734,877
1735,1147
1736,831
1737,843
1738,1017
1739,965
1740,1016
1741,875
1742,1051
1743,790
1744,1050
1745,947
1746,994
1747,1058
1748,960
1749,1060
1750,950
1751,768
1752,853
1753,1041
1754,1030
1755,731
1756,958
1757,1062
1758,1000
1759,840
1760,1031
1761,956
1762,768
1763,895
1764,1146
1765,907
1766,917
1767,1023
1768,771
1769,973
1770,924
1771,918
1772,971
1773,932
1774,938
1775,830
1776,1010
1777,1177
1778,733
1779,1013
1780,1097
1781,867
1782,948
1783,1045
1784,1060
1785,932
1786,1059
1787,1162
1788,912
1789,1238
1790,995
1791,932
1792,950
1793,975
1794,1113
1795,946
1796,823
1797,862
1798,1211
1799,855
1800,970
1801,855
1802,1012
1803,1057
1804,974
1805,974
1806,1004
1807,1120
1808,940
1809,825
1810,881
1811,794
1812,1016
1813,761
1814,1137
1815,875
1816,874
1817,988
1818,687
1819,973
1820,882
1821,908
1822,832
1823,900
1824,796
1825,1091
1826,960
1827,813
1828,842
1829,907
1830,838
1831,978
1832,1110
1833,956
1834,1036
1835,917
1836,983
1837,993
1838,769
1839,746
1840,880
1841,827
1842,1110
1843,771
1844,1016
1845,957
1846,912
1847,785
1848,1075
1849,910
1850,1056
1851,827
1852,963
1853,797
1854,843
1855,966
1856,875
1857,991
1858,1033
1859,995
1860,872
1861,960
1862,1065
1863,812
1864,781
1865,1064
1866,767
1867,1019
1868,1015
1869,841
1870,914
1871,786
1872,807
1873,899
1874,812
1875,910
1876,967
1877,1010
1878,955
1879,948
1880,1122
1881,973
1882,857
1883,840
1884,993
1885,830
1886,1041
1887,829
1888,796
1889,802
1890,938
1891,742
1892,1037
1893,958
1894,1063
1895,942
1896,773
1897,729
1898,955
1899,861
1900,989
1901,960
1902,929
1903,1135
1904,1088
1905,859
1906,1008
1907,1022
1908,871
1909,930
1910,814
1911,874
1912,894
1913,1194
1914,1143
1915,1119
1916,877
1917,926
1918,1116
1919,891
1920,1085
1921,1270
1922,1171
1923,742
1924,1306
1925,1030
1926,1032
1927,1116
1928,1041
1929,807
1930,1070
1931,839
1932,989
1933,1046
1934,851
1935,1059
1936,1012
1937,960
1938,988
1939,1082
1940,745
1941,878
1942,984
1943,828
1944,996
1945,997
1946,1061
1947,929
1948,933
1949,992
1950,940
1951,848
1952,819
1953,963
1954,948
1955,1080
1956,1012
1957,940
1958,851
1959,1030
1960,852
1961,992
1962,811
1963,960
1964,1123
1965,1073
1966,885
1967,1120
1968,848
1969,1221
1970,1091
1971,787
1972,1041
1973,944
1974,1027
1975,1083
1976,1047
1977,1005
1978,937
1979,1027
1980,1128
1981,790
1982,796
1983,1160
1984,834
1985,1003
1986,859
1987,925
1988,855
1989,1057
1990,1000
1991,812
1992,795
1993,991
1994,1116
1995,1025
1996,1102
1997,1180
1998,895
1999,811
2000,978
2001,963
2002,800
2003,692
2004,1010
2005,921
2006,1222
2007,1086
2008,1075
2009,1011
2010,996
2011,890
2012,1016
2013,970
2014,1066
2015,1115
2016,918
2017,930
2018,1075
2019,835
2020,1170
2021,811
2022,947
2023,798
2024,753
2025,990
2026,858
2027,869
2028,1011
2029,835
2030,850
2031,818
2032,780
2033,853
2034,711
2035,801
2036,904
2037,1146
2038,766
2039,877
2040,811
2041,929
2042,950
2043,942
2044,1222
2045,805
2046,743
2047,1156
2048,1160
2049,996
2050,944
2051,978
2052,838
2053,945
2054,1010
2055,846
2056,1019
2057,1079
2058,931
2059,973
2060,785
2061,957
2062,857
2063,1158
2064,960
2065,781
2066,778
2067,1059
2068,844
2069,823
2070,791
2071,919
2072,876
2073,962
2074,1006
2075,991
2076,943
2077,1110
2078,998
2079,1066
2080,990
2081,1018
2082,1150
2083,965
2084,1002
2085,1238
2086,1042
2087,889
2088,961
2089,1235
2090,1101
2091,970
2092,1007
2093,1102
2094,924
2095,957
2096,880
2097,1024
2098,1254
2099,1108
2100,839
2101,862
2102,1282
2103,1035
2104,787
2105,938
2106,933
2107,986
2108,946
2109,748
2110,934
2111,802
2112,968
2113,1144
2114,883
2115,795
2116,1143
2117,778
2118,818
2119,1054
2120,862
2121,1003
2122,972
2123,914
2124,1094
2125,1004
2126,1026
2127,811
2128,948
2129,958
2130,853
2131,882
2132,800
2133,870
2134,1019
2135,829
2136,982
2137,919
2138,1266
2139,966
2140,857
2141,863
2142,926
2143,985
2144,849
2145,970
2146,1019
2147,862
2148,854
2149,891
2150,940
2151,1038
2152,757
2153,752
2154,723
2155,1108
2156,792
2157,798
2158,879
2159,851
2160,1043
2161,926
2162,886
2163,835
2164,844
2165,936
2166,916
2167,866
2168,1051
2169,967
2170,952
2171,1088
2172,1270
2173,1105
2174,1104
2175,1066
2176,1086
2177,1210
2178,1094
2179,866
2180,816
2181,981
2182,892
2183,960
2184,886
2185,1011
2186,754
2187,1034
2188,1065
2189,859
2190,891
2191,931
2192,832
2193,1061
2194,859
2195,902
2196,901
2197,1083
2198,1071
2199,910
2200,840
2201,785
2202,864
2203,940
2204,1047
2205,902
2206,825
2207,896
2208,972
2209,852
2210,955
2211,1144
2212,737
2213,1144
2214,920
2215,815
2216,731
2217,862
2218,968
2219,837
2220,937
2221,726
2222,956
2223,811
2224,925
2225,798
2226,744
2227,910
2228,770
2229,787
2230,779
2231,969
2232,888
2233,1029
2234,1017
2235,953
2236,816
2237,980
2238,896
2239,897
2240,1000
2241,880
2242,1090
2243,955
2244,946
2245,978
2246,1076
2247,933
2248,732
2249,1065
2250,1234
2251,857
2252,1030
2253,1076
2254,892
2255,763
2256,1035
2257,862
2258,868
2259,985
2260,1130
2261,1006
2262,1056
2263,920
2264,1013
2265,1000
2266,765
2267,1127
2268,841
2269,1188
2270,860
2271,1010
2272,1012
2273,831
2274,907
2275,803
2276,940
2277,1012
2278,851
2279,910
2280,834
2281,940
2282,760
2283,818
2284,880
2285,827
2286,821
2287,875
2288,1045
2289,923
2290,844
2291,882
2292,1096
2293,920
2294,787
2295,900
2296,1012
2297,752
2298,906
2299,773
2300,730
2301,882
2302,819
2303,855
2304,735
2305,781
2306,870
2307,807
2308,972
2309,1224
2310,905
2311,920
2312,1105
2313,917
2314,752
2315,911
2316,1082
2317,875
2318,904
2319,946
2320,885
2321,915
2322,739
2323,776
2324,961
2325,1042
2326,1028
2327,828
2328,952
2329,1012
2330,860
2331,761
2332,802
2333,1142
2334,1061
2335,1053
2336,916
2337,1103
2338,900
2339,899
2340,822
2341,880
2342,1062
2343,1050
2344,1007
2345,1065
2346,841
2347,916
2348,1048
2349,997
2350,988
2351,981
2352,811
2353,767
2354,966
2355,900
2356,897
2357,754
2358,853
2359,915
2360,1107
2361,1076
2362,950
2363,1199
2364,1048
2365,1070
2366,966
2367,1009
2368,880
2369,849
2370,850
2371,788
2372,998
2373,875
2374,801
2375,850
2376,1132
2377,759
2378,740
2379,1015
2380,1128
2381,1087
2382,1002
2383,953
2384,1029
2385,789
2386,848
2387,840
2388,1245
2389,856
2390,1100
2391,913
2392,919
2393,825
2394,826
2395,888
2396,817
2397,912
2398,891
2399,853
2400,845
2401,1200
2402,954
2403,725
2404,1005
2405,1061
2406,860
2407,880
2408,1148
2409,857
2410,1084
2411,1175
2412,1038
2413,920
2414,1155
2415,838
2416,770
2417,881
2418,1010
2419,737
2420,1084
2421,960
2422,915
2423,914
2424,960
2425,724
2426,1238
2427,878
2428,872
2429,1004
2430,938
2431,936
2432,963
2433,950
2434,1170
2435,1078
2436,1038
2437,862
2438,870
2439,1010
2440,650
2441,860
2442,902
2443,830
2444,1067
2445,999
2446,839
2447,802
2448,730
2449,966
2450,838
2451,866
2452,932
2453,816
2454,808
2455,836
2456,925
2457,775
2458,830
2459,857
2460,1058
2461,937
2462,809
2463,1003
2464,930
2465,866
2466,911
2467,865
2468,868
2469,865
2470,1030
2471,925
2472,1101
2473,927
2474,957
2475,786
2476,849
2477,918
2478,851
2479,1011
2480,905
2481,1096
2482,891
2483,855
2484,940
2485,880
2486,832
2487,817
2488,929
2489,905
2490,794
2491,941
2492,1022
2493,970
2494,873
2495,1127
2496,918
2497,1100
2498,1015
2499,910
2500,856
2501,945
2502,783
2503,988
2504,1014
2505,967
2506,961
2507,942
2508,911
2509,811
2510,875
2511,789
2512,1021
2513,1033
2514,775
2515,991
2516,834
2517,790
2518,1005
2519,739
2520,952
2521,789
2522,989
2523,820
2524,887
2525,782
2526,943
2527,942
2528,814
2529,832
2530,796
2531,991
2532,967
2533,1022
2534,1043
2535,707
2536,879
2537,1188
2538,907
2539,828
2540,960
2541,871
2542,1037
2543,865
2544,758
2545,884
2546,865
2547,791
2548,849
2549,776
2550,825
2551,877
2552,741
2553,918
2554,950
2555,1032
2556,907
2557,795
2558,1131
2559,775
2560,916
2561,1076
2562,965
2563,891
2564,913
2565,891
2566,903
2567,794
2568,935
2569,898
2570,966
2571,831
2572,804
2573,924
2574,904
2575,928
2576,1005
2577,852
2578,785
2579,728
2580,1093
2581,977
2582,1014
2583,833
2584,878
2585,862
2586,846
2587,796
2588,956
2589,810
2590,828
2591,949
2592,831
2593,1017
2594,1101
2595,835
2596,824
2597,1002
2598,1001
2599,1007
2600,905
2601,786
2602,744
2603,855
2604,884
2605,928
2606,835
2607,972
2608,900
2609,934
2610,940
2611,907
2612,730
2613,961
2614,830
2615,932
2616,847
2617,807
2618,858
2619,837
2620,849
2621,755
2622,934
2623,830
2624,786
2625,850
2626,1031
2627,870
2628,818
2629,928
2630,985
2631,862
2632,875
2633,836
2634,958
2635,870
2636,850
2637,833
2638,895
2639,873
2640,919
2641,958
2642,942
2643,915
2644,968
2645,985
2646,740
2647,862
2648,907
2649,849
2650,989
2651,1072
2652,936
2653,861
2654,751
2655,1032
2656,780
2657,705
2658,921
2659,698
2660,922
2661,885
2662,803
2663,902
2664,925
2665,1041
2666,912
2667,893
2668,922
2669,800
2670,999
2671,1158
2672,975
2673,788
2674,1036
2675,762
2676,838
2677,913
2678,988
2679,1182
2680,984
2681,1060
2682,770
2683,819
2684,917
2685,940
2686,1186
2687,1019
2688,957
2689,931
2690,926
2691,935
2692,796
2693,1034
2694,980
2695,1011
2696,880
2697,1013
2698,953
2699,1105
2700,791
2701,757
2702,812
2703,869
2704,847
2705,768
2706,856
2707,880
2708,858
2709,800
2710,796
2711,792
2712,716
2713,822
2714,794
2715,835
2716,891
2717,829
2718,720
2719,922
2720,741
2721,832
2722,768
2723,780
2724,812
2725,845
2726,762
2727,932
2728,840
2729,1012
2730,781
2731,901
2732,787
2733,837
2734,701
2735,788
2736,783
2737,991
2738,755
2739,836
2740,855
2741,874
2742,958
2743,776
2744,748
2745,937
2746,767
2747,837
2748,843
2749,962
2750,911
2751,790
2752,930
2753,856
2754,944
2755,837
2756,840
2757,826
2758,831
2759,766
2760,782
2761,817
2762,900
2763,833
2764,841
2765,821
2766,974
2767,1156
2768,861
2769,897
2770,850
2771,832
2772,783
2773,864
2774,902
2775,788
2776,877
2777,927
2778,918
2779,858
2780,860
2781,765
2782,835
2783,854
2784,753
2785,877
2786,825
2787,1056
2788,851
2789,865
2790,814
2791,785
2792,893
2793,766
2794,936
2795,715
2796,901
2797,942
2798,858
2799,817
2800,892
2801,754
2802,818
2803,898
2804,795
2805,815
2806,770
2807,783
2808,846
2809,867
2810,913
2811,830
2812,935
2813,934
2814,967
2815,763
2816,797
2817,852
2818,883
2819,903
2820,843
2821,862
2822,926
2823,954
2824,974
2825,908
2826,796
2827,832
2828,772
2829,957
2830,801
2831,1062
2832,1097
2833,889
2834,779
2835,976
2836,984
2837,801
2838,890
2839,939
2840,855
2841,802
2842,833
2843,841
2844,906
2845,1049
2846,1010
2847,874
2848,915
2849,842
2850,911
2851,948
2852,1046
2853,835
2854,797
2855,978
2856,769
2857,853
2858,816
2859,803
2860,766
2861,912
2862,802
2863,909
2864,814
2865,978
2866,1168
2867,932
2868,913
2869,966
2870,833
2871,1016
2872,961
2873,899
2874,828
2875,962
2876,941
2877,1080
2878,950
2879,1095
2880,1116
2881,990
2882,1030
2883,970
2884,999
2885,988
2886,932
2887,938
2888,1192
2889,978
2890,787
2891,786
2892,1000
2893,883
2894,1021
2895,926
2896,811
2897,943
2898,745
2899,1020
2900,775
2901,1128
2902,1094
2903,730
2904,976
2905,1002
2906,883
2907,806
2908,997
2909,741
2910,1029
2911,895
2912,944
2913,1147
2914,1139
2915,1032
2916,771
2917,957
2918,938
2919,1159
2920,1153
2921,800
2922,1013
2923,874
2924,871
2925,857
2926,828
2927,793
2928,772
2929,890
2930,893
2931,981
2932,840
2933,1035
2934,1133
2935,988
2936,825
2937,967
2938,982
2939,825
2940,879
2941,752
2942,719
2943,1084
2944,959
2945,873
2946,1083
2947,920
2948,1052
2949,897
2950,926
2951,901
2952,936
2953,864
2954,859
2955,836
2956,886
2957,722
2958,820
2959,1075
2960,1003
2961,842
2962,1062
2963,765
2964,1011
2965,750
2966,899
2967,1166
2968,744
2969,1048
2970,913
2971,902
2972,973
2973,1011
2974,1328
2975,850
2976,1089
2977,1071
2978,825
2979,864
2980,1003
2981,785
2982,890
2983,830
2984,1017
2985,785
2986,791
2987,1071
2988,1028
2989,976
2990,960
2991,976
2992,900
2993,943
2994,1046
2995,754
2996,905
2997,767
2998,964
2999,753
3000,817
3001,1010
3002,1005
3003,836
3004,882
3005,863
3006,1151
3007,1052
3008,982
3009,951
3010,935
3011,999
3012,974
3013,928
3014,915
3015,1070
3016,994
3017,812
3018,822
3019,1024
3020,964
3021,963
3022,1020
3023,830
3024,883
3025,1031
3026,1048
3027,992
3028,904
3029,920
3030,992
3031,915
3032,930
3033,1024
3034,861
3035,1026
3036,884
3037,983
3038,957
3039,981
3040,826
3041,925
3042,863
3043,850
3044,1072
3045,878
3046,915
3047,812
3048,933
3049,847
3050,987
3051,956
3052,942
3053,1087
3054,865
3055,965
3056,991
3057,974
3058,903
3059,761
3060,773
3061,1066
3062,750
3063,983
3064,945
3065,828
3066,847
3067,1065
3068,798
3069,980
3070,1044
3071,876
3072,957
3073,830
3074,895
3075,933
3076,784
3077,840
3078,973
3079,815
3080,1112
3081,1022
3082,896
3083,1076
3084,720
3085,921
3086,813
3087,821
3088,935
3089,897
3090,1028
3091,958
3092,735
3093,823
3094,1018
3095,867
3096,938
3097,1011
3098,916
3099,1000
3100,777
3101,984
3102,820
3103,980
3104,941
3105,943
3106,914
3107,1081
3108,978
3109,677
3110,1062
3111,990
3112,1040
3113,921
3114,1024
3115,1073
3116,908
3117,1072
3118,1016
3119,1002
3120,772
3121,787
3122,918
3123,725
3124,952
3125,985
3126,951
3127,893
3128,860
3129,883
3130,896
3131,918
3132,891
3133,843
3134,896
3135,1022
3136,870
3137,975
3138,1097
3139,1187
3140,1055
3141,1028
3142,1217
3143,1036
3144,874
3145,850
3146,1011
3147,953
3148,975
3149,1164
3150,947
3151,1093
3152,956
3153,1041
3154,1086
3155,1058
3156,1049
3157,1053
3158,1024
3159,1038
3160,1088
3161,977
3162,790
3163,796
3164,868
3165,873
3166,820
3167,946
3168,895
3169,980
3170,1073
3171,854
3172,899
3173,994
3174,860
3175,722
3176,845
3177,906
3178,942
3179,1070
3180,932
3181,906
3182,980
3183,725
3184,921
3185,774
3186,926
3187,825
3188,833
3189,891
3190,918
3191,902
3192,876
3193,1011
3194,835
3195,931
3196,731
3197,798
3198,860
3199,742
3200,925
3201,1000
3202,860
3203,893
3204,995
3205,920
3206,1110
3207,1032
3208,868
3209,1064
3210,1002
3211,1137
3212,799
3213,912
3214,894
3215,813
3216,897
3217,703
3218,788
3219,991
3220,860
3221,945
3222,776
3223,703
3224,1046
3225,940
3226,994
3227,1000
3228,785
3229,905
3230,1178
3231,823
3232,1018
3233,1011
3234,932
3235,1006
3236,865
3237,1001
3238,974
3239,953
3240,842
3241,888
3242,803
3243,984
3244,851
3245,1081
3246,1027
3247,825
3248,782
3249,1013
3250,960
3251,951
3252,960
3253,842
3254,995
3255,883
3256,1037
3257,1048
3258,1019
3259,1060
3260,1072
3261,951
3262,875
3263,850
3264,670
3265,963
3266,876
3267,965
3268,874
3269,908
3270,778
3271,793
3272,730
3273,752
3274,952
3275,801
3276,930
3277,1017
3278,893
3279,806
3280,801
3281,891
3282,1105
3283,972
3284,727
3285,957
3286,948
3287,1065
3288,847
3289,941
3290,1174
3291,1019
3292,1123
3293,706
3294,910
3295,992
3296,999
3297,740
3298,835
3299,1085
3300,912
3301,856
3302,1018
3303,839
3304,932
3305,897
3306,945
3307,1029
3308,887
3309,897
3310,768
3311,866
3312,907
3313,918
3314,716
3315,934
3316,845
3317,827
3318,1101
3319,1047
3320,1070
3321,1135
3322,759
3323,888
3324,981
3325,956
3326,928
3327,850
3328,743
3329,970
3330,970
3331,932
3332,857
3333,807
3334,1001
3335,1052
3336,961
3337,721
3338,1175
3339,983
3340,816
3341,858
3342,801
3343,1026
3344,1095
3345,767
3346,1082
3347,967
3348,1073
3349,933
3350,1139
3351,867
3352,904
3353,1006
3354,1156
3355,964
3356,933
3357,1047
3358,910
3359,1254
3360,996
3361,960
3362,892
3363,1002
3364,1021
3365,972
3366,1171
3367,1020
3368,811
3369,1115
3370,1020
3371,1036
3372,826
3373,795
3374,1036
3375,1009
3376,1076
3377,934
3378,903
3379,923
3380,904
3381,846
3382,872
3383,805
3384,956
3385,838
3386,939
3387,960
3388,1018
3389,761
3390,871
3391,838
3392,1137
3393,978
3394,843
3395,777
3396,810
3397,944
3398,1004
3399,947
3400,858
3401,990
3402,887
3403,833
3404,996
3405,1168
3406,912
3407,1113
3408,897
3409,753
3410,981
3411,805
3412,1003
3413,1162
3414,757
3415,943
3416,824
3417,1017
3418,1117
3419,880
3420,1005
3421,1182
3422,1020
3423,760
3424,960
3425,1200
3426,870
3427,1122
3428,861
3429,974
3430,1195
3431,835
3432,972
3433,1113
3434,785
3435,802
3436,1020
3437,904
3438,1095
3439,793
3440,1102
3441,955
3442,1113
3443,802
3444,1027
3445,839
3446,825
3447,896
3448,1082
3449,967
3450,910
3451,1020
3452,922
3453,728
3454,975
3455,874
3456,868
3457,977
3458,1019
3459,910
3460,1058
3461,933
3462,1100
3463,860
3464,748
3465,1007
3466,883
3467,992
3468,853
3469,888
3470,1146
3471,1127
3472,982
3473,1153
3474,832
3475,1102
3476,873
3477,1017
3478,875
3479,996
3480,883
3481,859
3482,887
3483,917
3484,878
3485,970
3486,821
3487,888
3488,782
3489,893
3490,730
3491,953
3492,742
3493,835
3494,970
3495,780
3496,1085
3497,775
3498,873
3499,853
3500,844
3501,893
3502,904
3503,880
3504,903
3505,901
3506,980
3507,847
3508,811
3509,1005
3510,875
3511,944
3512,980
3513,836
3514,965
3515,949
3516,968
3517,836
3518,815
3519,812
3520,1037
3521,925
3522,1008
3523,933
3524,1074
3525,1137
3526,838
3527,1127
3528,1080
3529,1014
3530,818
3531,1002
3532,1000
3533,1100
3534,900
3535,817
3536,976
3537,1090
3538,1071
3539,916
3540,922
3541,917
3542,1011
3543,867
3544,872
3545,1214
3546,968
3547,1051
3548,798
3549,980
3550,971
3551,1103
3552,998
3553,883
3554,870
3555,1043
3556,1113
3557,1050
3558,965
3559,935
3560,966
3561,1103
3562,1007
3563,1122
3564,955
3565,1123
3566,995
3567,1287
3568,983
3569,973
3570,939
3571,1000
3572,893
3573,996
3574,847
3575,1058
3576,988
3577,1029
3578,1062
3579,793
3580,805
3581,873
3582,931
3583,835
3584,1223
3585,1118
3586,912
3587,866
3588,844
3589,860
3590,930
3591,898
3592,880
3593,826
3594,1052
3595,982
3596,1010
3597,1073
3598,887
3599,1024
3600,850
3601,870
3602,897
3603,948
3604,789
3605,1010
3606,955
3607,985
3608,975
3609,1325
3610,1026
3611,926
3612,1100
3613,825
3614,800
3615,729
3616,850
3617,891
3618,1097
3619,938
3620,1110
3621,953
3622,893
3623,991
3624,897
3625,986
3626,917
3627,731
3628,978
3629,884
3630,780
3631,845
3632,896
3633,991
3634,877
3635,721
3636,1334
3637,892
3638,953
3639,800
3640,928
3641,1042
3642,794
3643,1117
3644,908
3645,800
3646,783
3647,785
3648,799
3649,865
3650,1062
3651,936
3652,943
3653,973
3654,965
3655,1015
3656,1063
3657,965
3658,787
3659,1096
3660,943
3661,930
3662,955
3663,1127
3664,1140
3665,1041
3666,1081
3667,1060
3668,983
3669,1046
3670,1129
3671,882
3672,957
3673,1067
3674,931
3675,966
3676,931
3677,981
3678,924
3679,814
3680,976
3681,1025
3682,1038
3683,939
3684,899
3685,796
3686,937
3687,983
3688,845
3689,957
3690,1167
3691,939
3692,1025
3693,1039
3694,1073
3695,900
3696,1100
3697,1128
3698,1042
3699,1028
3700,987
3701,1052
3702,1137
3703,1080
3704,1005
3705,757
3706,932
3707,1147
3708,1054
3709,950
3710,953
3711,1120
3712,1068
3713,958
3714,788
3715,808
3716,1165
3717,950
3718,1300
3719,976
3720,855
3721,777
3722,1077
3723,1033
3724,961
3725,1118
3726,786
3727,966
3728,907
3729,1025
3730,795
3731,893
3732,1108
3733,736
3734,890
3735,914
3736,851
3737,841
3738,1176
3739,908
3740,828
3741,815
3742,887
3743,1158
3744,836
3745,903
3746,1128
3747,831
3748,832
3749,763
3750,1068
3751,928
3752,1013
3753,764
3754,968
3755,1063
3756,1140
3757,775
3758,853
3759,1030
3760,840
3761,943
3762,1026
3763,885
3764,1054
3765,882
3766,917
3767,995
3768,927
3769,758
3770,924
3771,760
3772,1016
3773,769
3774,1061
3775,1038
3776,817
3777,968
3778,904
3779,954
3780,815
3781,960
3782,976
3783,896
3784,857
3785,728
3786,1051
3787,1021
3788,980
3789,876
3790,838
3791,946
3792,911
3793,1080
3794,882
3795,1076
3796,916
3797,1101
3798,958
3799,944
3800,888
3801,1058
3802,777
3803,882
3804,870
3805,761
3806,822
3807,1014
3808,907
3809,913
3810,820
3811,745
3812,855
3813,795
3814,845
3815,872
3816,912
3817,917
3818,995
3819,957
3820,822
3821,902
3822,753
3823,960
3824,918
3825,823
3826,972
3827,843
3828,1063
3829,824
3830,970
3831,1023
3832,900
3833,933
3834,828
3835,1030
3836,986
3837,821
3838,837
3839,797
3840,844
3841,1165
3842,913
3843,1068
3844,1147
3845,746
3846,1131
3847,1100
3848,1083
3849,964
3850,1100
3851,791
3852,1111
3853,771
3854,1054
3855,894
3856,1002
3857,911
3858,907
3859,1010
3860,987
3861,851
3862,901
3863,1014
3864,933
3865,755
3866,837
3867,1066
3868,946
3869,830
3870,771
3871,1092
3872,786
3873,873
3874,933
3875,720
3876,1036
3877,916
3878,1191
3879,1002
3880,934
3881,901
3882,896
3883,850
3884,830
3885,977
3886,920
3887,875
3888,1176
3889,900
3890,1175
3891,1047
3892,950
3893,1100
3894,841
3895,935
3896,875
3897,877
3898,1016
3899,858
3900,850
3901,932
3902,1117
3903,800
3904,1000
3905,831
3906,1110
3907,1104
3908,1056
3909,1066
3910,1127
3911,984
3912,846
3913,950
3914,840
3915,1176
3916,905
3917,885
3918,912
3919,971
3920,846
3921,835
3922,988
3923,897
3924,868
3925,1046
3926,901
3927,805
3928,792
3929,830
3930,808
3931,917
3932,763
3933,784
3934,945
3935,910
3936,907
3937,1020
3938,906
3939,1033
3940,815
3941,891
3942,865
3943,856
3944,900
3945,1024
3946,1120
3947,985
3948,816
3949,1048
3950,1108
3951,1096
3952,854
3953,930
3954,827
3955,1082
3956,988
3957,972
3958,1040
3959,967
3960,890
3961,1074
3962,938
3963,927
3964,895
3965,1098
3966,1001
3967,965
3968,995
3969,940
3970,775
3971,988
3972,1058
3973,862
3974,1042
3975,938
3976,998
3977,902
3978,1082
3979,780
3980,920
3981,961
3982,945
3983,860
3984,949
3985,810
3986,939
3987,732
3988,825
3989,868
3990,952
3991,948
3992,1090
3993,880
3994,915
3995,853
3996,955
3997,978
3998,960
3999,816
4000,951
4001,810
4002,885
4003,1003
4004,935
4005,887
4006,1026
4007,908
4008,1077
4009,940
4010,960
4011,936
4012,1048
4013,755
4014,830
4015,1112
4016,875
4017,950
4018,826
4019,822
4020,890
4021,880
4022,975
4023,825
4024,846
4025,860
4026,915
4027,1302
4028,825
4029,864
4030,900
4031,1070
4032,908
4033,808
4034,955
4035,830
4036,771
4037,955
4038,1065
4039,866
4040,990
4041,1048
4042,833
4043,987
4044,992
4045,958
4046,836
4047,892
4048,976
4049,976
4050,911
4051,999
4052,821
4053,835
4054,995
4055,877
4056,1019
4057,890
4058,730
4059,823
4060,948
4061,1080
4062,941
4063,895
4064,906
4065,834
4066,804
4067,949
4068,722
4069,852
4070,774
4071,826
4072,807
4073,870
4074,835
4075,1051
4076,947
4077,816
4078,978
4079,991
4080,783
4081,1080
