,chest_circumference
0,1074
1,1021
2,1120
3,1114
4,1048
5,1066
6,1208
7,1087
8,1181
9,964
10,1117
11,961
12,1151
13,1231
14,1060
15,1092
16,1085
17,1118
18,999
19,1127
20,1000
21,977
22,1079
23,1011
24,1098
25,957
26,1158
27,964
28,971
29,1057
30,957
31,1108
32,947
33,1043
34,965
35,1174
36,951
37,1182
38,981
39,1086
40,865
41,1205
42,1013
43,1152
44,1096
45,957
46,985
47,1063
48,1137
49,1106
50,1166
51,1081
52,1006
53,1153
54,1037
55,1469
56,901
57,1071
58,1263
59,1146
60,858
61,1044
62,904
63,1033
64,1160
65,971
66,1050
67,1213
68,944
69,989
70,975
71,939
72,1091
73,983
74,1129
75,1205
76,1123
77,1129
78,1048
79,1063
80,1098
81,972
82,1127
83,963
84,1098
85,953
86,1024
87,1043
88,902
89,1008
90,1027
91,1044
92,917
93,917
94,924
95,994
96,1001
97,1069
98,995
99,1104
100,1045
101,1015
102,1109
103,991
104,844
105,1176
106,1085
107,1085
108,1021
109,1096
110,1063
111,1030
112,1106
113,1163
114,1089
115,1149
116,1041
117,1056
118,1358
119,1025
120,1000
121,1026
122,989
123,1251
124,1030
125,970
126,1035
127,1076
128,1038
129,1113
130,1011
131,1024
132,997
133,1057
134,1082
135,1002
136,1132
137,1123
138,1175
139,1021
140,1115
141,1112
142,1165
143,1056
144,1048
145,1137
146,1041
147,1027
148,1021
149,1001
150,1126
151,1225
152,1070
153,1102
154,1194
155,1097
156,1208
157,1116
158,995
159,1092
160,1079
161,1179
162,1084
163,1150
164,1098
165,1142
166,1071
167,1021
168,1241
169,1027
170,1167
171,1082
172,1139
173,947
174,948
175,1058
176,1102
177,1179
178,1028
179,1048
180,969
181,1125
182,1049
183,957
184,913
185,995
186,1237
187,1018
188,1059
189,907
190,1063
191,1017
192,1130
193,1156
194,978
195,963
196,965
197,956
198,1080
199,1078
200,1158
201,1013
202,1037
203,1039
204,985
205,1285
206,1082
207,1157
208,1049
209,1063
210,1061
211,1120
212,913
213,941
214,1151
215,810
216,1163
217,972
218,1091
219,846
220,1092
221,1071
222,1172
223,1035
224,1203
225,1212
226,1047
227,977
228,1014
229,1041
230,1082
231,1166
232,967
233,1171
234,1078
235,963
236,1101
237,1053
238,1027
239,972
240,915
241,1142
242,1081
243,1108
244,1069
245,1140
246,1018
247,1096
248,1127
249,907
250,1241
251,1092
252,1178
253,1031
254,872
255,884
256,1121
257,1063
258,1242
259,949
260,953
261,1106
262,1094
263,954
264,1242
265,1166
266,904
267,1071
268,1182
269,1052
270,1162
271,1069
272,957
273,1020
274,1198
275,1079
276,1172
277,1008
278,1168
279,1027
280,1068
281,1139
282,1076
283,1045
284,1231
285,913
286,960
287,1043
288,1089
289,1019
290,1097
291,963
292,1074
293,1069
294,1168
295,1087
296,1173
297,1002
298,1022
299,1076
300,820
301,1030
302,1131
303,1183
304,999
305,1115
306,1072
307,1063
308,1099
309,1043
310,1113
311,1121
312,1015
313,1011
314,1058
315,1034
316,1138
317,937
318,953
319,976
320,1008
321,893
322,1024
323,1029
324,1066
325,1011
326,988
327,1068
328,1065
329,962
330,1094
331,1228
332,979
333,1094
334,1201
335,1054
336,1080
337,1123
338,1106
339,937
340,962
341,992
342,998
343,1056
344,1131
345,969
346,1000
347,1145
348,1118
349,1020
350,953
351,946
352,1324
353,1088
354,1200
355,1124
356,1067
357,1053
358,999
359,987
360,998
361,1027
362,915
363,1043
364,1105
365,1209
366,1098
367,1156
368,933
369,1109
370,1202
371,1121
372,990
373,1256
374,1042
375,925
376,929
377,1026
378,996
379,1146
380,1071
381,1219
382,1099
383,998
384,957
385,1202
386,1164
387,922
388,1096
389,1137
390,994
391,1016
392,1005
393,1150
394,1124
395,1093
396,1018
397,1020
398,1138
399,1012
400,1023
401,911
402,1037
403,1006
404,1092
405,972
406,1095
407,1233
408,1033
409,1078
410,1071
411,1029
412,1145
413,1132
414,1035
415,872
416,1003
417,1077
418,1110
419,1031
420,1117
421,1153
422,1097
423,1078
424,1142
425,1143
426,946
427,1046
428,1027
429,1006
430,1139
431,976
432,1004
433,1033
434,902
435,967
436,968
437,1021
438,990
439,1061
440,941
441,1240
442,942
443,958
444,998
445,1093
446,1073
447,915
448,1115
449,934
450,1016
451,1018
452,1029
453,986
454,933
455,1010
456,1086
457,1144
458,1067
459,1098
460,1163
461,1057
462,917
463,996
464,942
465,1034
466,1021
467,1093
468,1191
469,1007
470,1034
471,1068
472,1327
473,1000
474,1119
475,1002
476,992
477,875
478,993
479,1051
480,987
481,1018
482,1070
483,1044
484,1052
485,1067
486,1048
487,1007
488,1122
489,1213
490,946
491,1144
492,1113
493,1097
494,1114
495,942
496,964
497,983
498,1124
499,1057
500,1254
501,1034
502,1100
503,978
504,1071
505,1064
506,1005
507,894
508,1058
509,998
510,893
511,1012
512,1099
513,1125
514,1080
515,1122
516,1079
517,1115
518,1137
519,1144
520,1008
521,1002
522,986
523,1272
524,1128
525,1097
526,1087
527,1081
528,1036
529,1074
530,1174
531,1153
532,1133
533,1003
534,1114
535,1044
536,1106
537,1011
538,1116
539,1003
540,1116
541,1200
542,1090
543,934
544,1083
545,1054
546,1068
547,1003
548,932
549,1071
550,1107
551,1028
552,1024
553,968
554,1161
555,999
556,1028
557,986
558,1059
559,1121
560,1105
561,1073
562,1154
563,941
564,914
565,947
566,1180
567,1043
568,1199
569,996
570,1010
571,914
572,981
573,1057
574,1106
575,1055
576,993
577,1140
578,1172
579,1158
580,1084
581,1094
582,1150
583,1122
584,1038
585,1153
586,1067
587,947
588,1049
589,1043
590,1232
591,956
592,1076
593,947
594,1096
595,1089
596,1083
597,1010
598,1139
599,1079
600,1174
601,899
602,1203
603,1009
604,961
605,1077
606,1163
607,1179
608,1016
609,1163
610,1053
611,1050
612,1105
613,997
614,1103
615,1098
616,912
617,1181
618,1031
619,1067
620,968
621,1033
622,909
623,1111
624,1106
625,1183
626,1208
627,1010
628,1147
629,1135
630,1309
631,1177
632,981
633,1097
634,1016
635,1100
636,1227
637,1156
638,1019
639,1131
640,957
641,1174
642,1121
643,1060
644,1102
645,1033
646,1075
647,1131
648,1068
649,1148
650,1099
651,1107
652,1176
653,1062
654,1036
655,1100
656,1092
657,1158
658,939
659,1142
660,1050
661,973
662,927
663,1257
664,1075
665,1010
666,1029
667,1063
668,953
669,1008
670,1036
671,1018
672,1047
673,1048
674,1034
675,1011
676,1106
677,951
678,964
679,1011
680,967
681,988
682,1277
683,1120
684,997
685,872
686,1108
687,953
688,1086
689,1090
690,1038
691,942
692,1022
693,1213
694,922
695,977
696,1168
697,948
698,1007
699,977
700,990
701,975
702,1161
703,930
704,1213
705,1061
706,1008
707,1015
708,1004
709,944
710,1083
711,1201
712,1064
713,1011
714,1095
715,964
716,953
717,1052
718,1070
719,1041
720,1013
721,1088
722,968
723,1301
724,1009
725,1023
726,1136
727,1147
728,1037
729,1131
730,1192
731,1111
732,1117
733,1153
734,1093
735,1063
736,1112
737,1150
738,1158
739,1158
740,1073
741,1084
742,1010
743,1069
744,1056
745,1217
746,1133
747,1135
748,1184
749,1186
750,1067
751,1121
752,1114
753,1105
754,1028
755,1158
756,1097
757,1115
758,1120
759,990
760,1025
761,1191
762,1054
763,1165
764,1080
765,1010
766,1089
767,983
768,1068
769,1067
770,1092
771,1099
772,1003
773,991
774,1137
775,1058
776,1152
777,1067
778,1181
779,988
780,1113
781,1103
782,1160
783,1069
784,1122
785,1224
786,1086
787,1217
788,1233
789,1121
790,1050
791,1157
792,1151
793,1097
794,1137
795,1090
796,1184
797,1048
798,1143
799,1061
800,1161
801,1153
802,1087
803,1020
804,1037
805,1113
806,1064
807,1093
808,1102
809,1109
810,1106
811,1086
812,1063
813,1129
814,1037
815,1207
816,1073
817,1136
818,1042
819,1125
820,1047
821,1150
822,1048
823,1146
824,1090
825,1196
826,1078
827,1012
828,1127
829,990
830,956
831,1053
832,1059
833,1103
834,1077
835,1117
836,1183
837,1049
838,1147
839,1059
840,1130
841,1193
842,977
843,1072
844,1098
845,951
846,1027
847,1090
848,1163
849,1045
850,1056
851,1078
852,1022
853,1165
854,1040
855,1142
856,1226
857,1126
858,1044
859,1094
860,1118
861,1026
862,1060
863,1084
864,1099
865,1054
866,1070
867,1101
868,1103
869,1009
870,1015
871,1117
872,1033
873,1206
874,1113
875,1069
876,1048
877,1038
878,1125
879,1028
880,1140
881,1043
882,1022
883,1077
884,879
885,1178
886,1076
887,1114
888,1143
889,1057
890,1149
891,978
892,1076
893,1089
894,1160
895,1012
896,961
897,1186
898,1137
899,999
900,1027
901,1076
902,997
903,1007
904,1003
905,1027
906,1143
907,1009
908,1052
909,1272
910,1094
911,1134
912,1135
913,983
914,1073
915,1125
916,1021
917,1042
918,1148
919,1092
920,922
921,899
922,1087
923,1166
924,1047
925,1148
926,1051
927,1132
928,1069
929,907
930,1163
931,1243
932,1074
933,993
934,940
935,1024
936,1151
937,1133
938,1017
939,1027
940,1219
941,1043
942,1042
943,1051
944,1009
945,1072
946,1011
947,1023
948,1152
949,1036
950,872
951,1167
952,995
953,1168
954,1213
955,949
956,1157
957,1035
958,1037
959,1099
960,1038
961,1066
962,1048
963,1003
964,1137
965,1142
966,1046
967,1067
968,1096
969,1167
970,1026
971,964
972,1317
973,1136
974,967
975,1015
976,1242
977,1214
978,1168
979,928
980,1144
981,976
982,890
983,1072
984,1008
985,1072
986,937
987,1106
988,1201
989,1052
990,922
991,1164
992,979
993,1299
994,855
995,1121
996,1002
997,1213
998,1100
999,1047
1000,1106
1001,952
1002,1045
1003,996
1004,1077
1005,1129
1006,1154
1007,993
1008,1219
1009,1006
1010,1116
1011,962
1012,1145
1013,1189
1014,931
1015,1143
1016,1108
1017,1133
1018,1015
1019,991
1020,1121
1021,1153
1022,1062
1023,1053
1024,1069
1025,1098
1026,1125
1027,1147
1028,1046
1029,1006
1030,1064
1031,897
1032,1218
1033,1159
1034,1068
1035,1031
1036,1116
1037,922
1038,1063
1039,1048
1040,939
1041,1018
1042,978
1043,1093
1044,1026
1045,920
1046,993
1047,1213
1048,1124
1049,1255
1050,1193
1051,1026
1052,943
1053,1042
1054,1115
1055,848
1056,892
1057,996
1058,1114
1059,774
1060,1113
1061,1182
1062,988
1063,993
1064,1145
1065,1012
1066,1052
1067,1089
1068,944
1069,1144
1070,1033
1071,912
1072,1174
1073,1056
1074,935
1075,1011
1076,951
1077,1089
1078,1083
1079,1055
1080,1086
1081,1009
1082,971
1083,954
1084,980
1085,1119
1086,912
1087,1150
1088,1104
1089,1097
1090,980
1091,1215
1092,890
1093,1075
1094,1084
1095,926
1096,1109
1097,1161
1098,1058
1099,1042
1100,1022
1101,851
1102,1118
1103,895
1104,1197
1105,957
1106,977
1107,1026
1108,1195
1109,1093
1110,926
1111,1106
1112,922
1113,1244
1114,1003
1115,1041
1116,991
1117,1154
1118,1001
1119,1078
1120,1056
1121,1096
1122,1022
1123,918
1124,865
1125,1059
1126,912
1127,1051
1128,1012
1129,1077
1130,1191
1131,958
1132,1008
1133,1031
1134,1117
1135,1224
1136,1182
1137,1023
1138,1170
1139,917
1140,1082
1141,1113
1142,1099
1143,1116
1144,1157
1145,1173
1146,1063
1147,1057
1148,970
1149,1223
1150,1065
1151,1092
1152,966
1153,1090
1154,1022
1155,1035
1156,1126
1157,973
1158,1020
1159,992
1160,1040
1161,1079
1162,1064
1163,988
1164,1213
1165,1104
1166,1123
1167,1011
1168,1095
1169,946
1170,1140
1171,1297
1172,1042
1173,1041
1174,1008
1175,1017
1176,1028
1177,936
1178,1161
1179,1178
1180,1072
1181,1068
1182,979
1183,1051
1184,1049
1185,1179
1186,1137
1187,958
1188,1077
1189,1061
1190,1115
1191,1052
1192,1194
1193,1005
1194,1312
1195,1050
1196,1117
1197,1017
1198,1104
1199,967
1200,1075
1201,1054
1202,1137
1203,1083
1204,962
1205,1011
1206,1188
1207,1140
1208,1038
1209,1014
1210,1190
1211,1061
1212,1134
1213,1142
1214,1202
1215,1176
1216,1261
1217,968
1218,1170
1219,961
1220,1113
1221,1061
1222,1183
1223,962
1224,1157
1225,1062
1226,1143
1227,1122
1228,1108
1229,1071
1230,1108
1231,1149
1232,1073
1233,1274
1234,1046
1235,1168
1236,1158
1237,1151
1238,1171
1239,1059
1240,1129
1241,1209
1242,1194
1243,1088
1244,982
1245,1044
1246,1052
1247,1171
1248,1098
1249,994
1250,1081
1251,1102
1252,1187
1253,1111
1254,981
1255,999
1256,1176
1257,1160
1258,959
1259,1168
1260,1008
1261,1027
1262,1155
1263,1204
1264,1166
1265,941
1266,1127
1267,1251
1268,968
1269,941
1270,1141
1271,1150
1272,987
1273,1090
1274,922
1275,1053
1276,1136
1277,1164
1278,1043
1279,1088
1280,1053
1281,1064
1282,1164
1283,1119
1284,1055
1285,1142
1286,982
1287,997
1288,1082
1289,1112
1290,932
1291,1109
1292,1053
1293,1166
1294,973
1295,1117
1296,1076
1297,1142
1298,1140
1299,1114
1300,1041
1301,1152
1302,1106
1303,1213
1304,1277
1305,977
1306,1062
1307,1147
1308,1090
1309,1145
1310,1071
1311,1079
1312,1130
1313,1137
1314,1071
1315,912
1316,1042
1317,1049
1318,1108
1319,1142
1320,1153
1321,1206
1322,1182
1323,1261
1324,984
1325,1022
1326,945
1327,1302
1328,1099
1329,907
1330,1077
1331,1065
1332,951
1333,1130
1334,939
1335,1228
1336,1032
1337,1118
1338,951
1339,1207
1340,1100
1341,1207
1342,1026
1343,1089
1344,1277
1345,1093
1346,1086
1347,1075
1348,987
1349,1147
1350,1048
1351,1088
1352,979
1353,1199
1354,1117
1355,1007
1356,1027
1357,1114
1358,1102
1359,907
1360,1023
1361,1076
1362,1112
1363,1251
1364,977
1365,1223
1366,1133
1367,1283
1368,1133
1369,1048
1370,847
1371,1034
1372,993
1373,1128
1374,1009
1375,1034
1376,1232
1377,1002
1378,1054
1379,1040
1380,1143
1381,1074
1382,881
1383,1076
1384,925
1385,1047
1386,968
1387,1113
1388,1152
1389,1034
1390,1053
1391,1083
1392,947
1393,1059
1394,1095
1395,1089
1396,1095
1397,1119
1398,977
1399,1154
1400,1064
1401,1196
1402,1142
1403,1037
1404,1019
1405,1182
1406,1065
1407,1134
1408,1001
1409,1082
1410,1104
1411,904
1412,1139
1413,973
1414,1032
1415,923
1416,961
1417,1159
1418,998
1419,1107
1420,1182
1421,1013
1422,1011
1423,1172
1424,838
1425,1018
1426,1043
1427,1098
1428,956
1429,936
1430,1047
1431,968
1432,1216
1433,1151
1434,1141
1435,1020
1436,1165
1437,1121
1438,1012
1439,1165
1440,862
1441,967
1442,1066
1443,992
1444,1372
1445,1178
1446,1043
1447,989
1448,880
1449,1031
1450,939
1451,942
1452,1194
1453,1026
1454,1156
1455,1134
1456,1157
1457,1159
1458,1048
1459,1164
1460,904
1461,1043
1462,1135
1463,1172
1464,1127
1465,1165
1466,928
1467,1112
1468,1207
1469,1043
1470,971
1471,1018
1472,889
1473,1113
1474,914
1475,950
1476,1025
1477,1069
1478,1038
1479,1139
1480,993
1481,993
1482,1132
1483,1032
1484,1101
1485,1065
1486,960
1487,949
1488,1017
1489,1028
1490,1098
1491,940
1492,1207
1493,1168
1494,1074
1495,1123
1496,992
1497,1042
1498,1081
1499,971
1500,1083
1501,1037
1502,1000
1503,1073
1504,1013
1505,1021
1506,1062
1507,1104
1508,1101
1509,991
1510,1074
1511,1107
1512,1032
1513,994
1514,1073
1515,896
1516,1122
1517,1076
1518,1180
1519,1014
1520,1032
1521,1097
1522,1061
1523,977
1524,975
1525,1013
1526,1072
1527,1049
1528,1147
1529,1073
1530,985
1531,1113
1532,1091
1533,1157
1534,1143
1535,1038
1536,1116
1537,1026
1538,1039
1539,1011
1540,969
1541,1002
1542,1097
1543,1181
1544,999
1545,1011
1546,1041
1547,1010
1548,1037
1549,933
1550,908
1551,1034
1552,1026
1553,1017
1554,1112
1555,1161
1556,1072
1557,1146
1558,943
1559,1006
1560,1021
1561,1096
1562,929
1563,1144
1564,1143
1565,1182
1566,1043
1567,1111
1568,1237
1569,1119
1570,1258
1571,938
1572,985
1573,985
1574,961
1575,1046
1576,1213
1577,1203
1578,1114
1579,1158
1580,952
1581,1095
1582,1088
1583,1086
1584,1008
1585,1046
1586,968
1587,1021
1588,1116
1589,1025
1590,1213
1591,1082
1592,1143
1593,1121
1594,975
1595,919
1596,1038
1597,926
1598,1036
1599,877
1600,1105
1601,1061
1602,948
1603,990
1604,1074
1605,1018
1606,1069
1607,1174
1608,1141
1609,1291
1610,1131
1611,1000
1612,1011
1613,974
1614,1192
1615,1034
1616,1046
1617,1105
1618,1024
1619,1005
1620,1134
1621,1052
1622,1171
1623,1019
1624,943
1625,1035
1626,988
1627,1197
1628,1128
1629,1132
1630,1095
1631,1054
1632,1082
1633,1267
1634,1131
1635,1248
1636,1032
1637,1167
1638,1114
1639,1054
1640,1096
1641,1005
1642,1170
1643,987
1644,1257
1645,1031
1646,1058
1647,1077
1648,1095
1649,1205
1650,1035
1651,912
1652,1114
1653,1034
1654,936
1655,1223
1656,1019
1657,1059
1658,1088
1659,998
1660,1198
1661,1023
1662,989
1663,944
1664,932
1665,922
1666,1083
1667,1008
1668,1128
1669,1013
1670,1009
1671,1197
1672,1054
1673,1182
1674,1109
1675,1000
1676,1257
1677,1047
1678,1023
1679,995
1680,1029
1681,1123
1682,931
1683,1088
1684,1113
1685,1026
1686,1107
1687,1138
1688,1253
1689,1260
1690,1134
1691,1031
1692,1116
1693,1024
1694,1243
1695,1075
1696,980
1697,1190
1698,1017
1699,1239
1700,1119
1701,939
1702,1094
1703,1196
1704,1219
1705,1008
1706,1146
1707,1016
1708,1074
1709,1147
1710,1092
1711,1096
1712,1260
1713,976
1714,906
1715,1172
1716,947
1717,949
1718,1063
1719,962
1720,994
1721,1026
1722,1285
1723,1023
1724,952
1725,931
1726,1062
1727,1058
1728,1165
1729,1204
1730,1048
1731,1199
1732,1135
1733,1108
1734,1037
1735,1289
1736,991
1737,949
1738,1072
1739,1085
1740,1141
1741,1063
1742,1117
1743,922
1744,1143
1745,1032
1746,1029
1747,1119
1748,1084
1749,1143
1750,1156
1751,990
1752,978
1753,1128
1754,1151
1755,887
1756,1074
1757,1114
1758,1085
1759,925
1760,1142
1761,1116
1762,993
1763,1034
1764,1153
1765,1069
1766,1140
1767,1106
1768,904
1769,1054
1770,1020
1771,1005
1772,1076
1773,1038
1774,1047
1775,938
1776,1078
1777,1275
1778,936
1779,1194
1780,1127
1781,1022
1782,1018
1783,1117
1784,1237
1785,1027
1786,1082
1787,1167
1788,978
1789,1241
1790,1095
1791,1079
1792,1042
1793,1028
1794,1101
1795,1124
1796,959
1797,1006
1798,1327
1799,1011
1800,1114
1801,1000
1802,1167
1803,1088
1804,1062
1805,1123
1806,1090
1807,1226
1808,1108
1809,922
1810,1031
1811,1095
1812,1067
1813,935
1814,1169
1815,1016
1816,981
1817,1104
1818,908
1819,1146
1820,997
1821,1032
1822,977
1823,1016
1824,942
1825,1232
1826,1037
1827,933
1828,987
1829,972
1830,957
1831,1057
1832,1145
1833,1023
1834,1076
1835,986
1836,1136
1837,1069
1838,926
1839,922
1840,988
1841,981
1842,1224
1843,886
1844,1123
1845,1065
1846,1126
1847,906
1848,1137
1849,1018
1850,1207
1851,988
1852,1064
1853,936
1854,985
1855,1128
1856,1008
1857,1141
1858,1094
1859,1043
1860,1035
1861,1100
1862,1118
1863,962
1864,941
1865,1098
1866,968
1867,993
1868,1092
1869,1039
1870,1056
1871,922
1872,988
1873,1027
1874,981
1875,1023
1876,1064
1877,1093
1878,1034
1879,1020
1880,1224
1881,1077
1882,958
1883,939
1884,1141
1885,918
1886,1112
1887,1005
1888,1042
1889,930
1890,1000
1891,866
1892,1124
1893,1072
1894,1107
1895,1131
1896,923
1897,892
1898,1012
1899,1021
1900,1107
1901,1061
1902,1070
1903,1280
1904,1146
1905,994
1906,1108
1907,1146
1908,1029
1909,1046
1910,988
1911,971
1912,1018
1913,1197
1914,1148
1915,1187
1916,963
1917,1011
1918,1143
1919,973
1920,1127
1921,1249
1922,1162
1923,856
1924,1285
1925,1102
1926,1041
1927,1108
1928,1107
1929,1005
1930,1170
1931,978
1932,1088
1933,1146
1934,997
1935,1195
1936,1154
1937,1063
1938,1183
1939,1164
1940,861
1941,1141
1942,1056
1943,1119
1944,1060
1945,1066
1946,1172
1947,1062
1948,1076
1949,1117
1950,1025
1951,990
1952,946
1953,1102
1954,1034
1955,1153
1956,1141
1957,938
1958,975
1959,1141
1960,968
1961,1136
1962,1012
1963,1091
1964,1217
1965,1106
1966,1022
1967,1152
1968,964
1969,1202
1970,1162
1971,918
1972,1147
1973,973
1974,1118
1975,1161
1976,1115
1977,1068
1978,962
1979,1122
1980,1107
1981,989
1982,966
1983,1217
1984,995
1985,1080
1986,1023
1987,1108
1988,980
1989,1093
1990,1057
1991,939
1992,914
1993,1083
1994,1182
1995,1146
1996,1213
1997,1216
1998,1031
1999,968
2000,1074
2001,1066
2002,1002
2003,913
2004,1046
2005,1081
2006,1284
2007,1194
2008,1158
2009,1086
2010,1103
2011,1037
2012,1147
2013,1047
2014,1164
2015,1139
2016,1022
2017,1020
2018,1209
2019,932
2020,1181
2021,975
2022,1098
2023,952
2024,879
2025,1054
2026,1059
2027,999
2028,1104
2029,939
2030,1016
2031,962
2032,959
2033,1042
2034,855
2035,957
2036,1072
2037,1203
2038,895
2039,1002
2040,1024
2041,1059
2042,1078
2043,1074
2044,1213
2045,910
2046,915
2047,1209
2048,1202
2049,1073
2050,995
2051,1056
2052,1050
2053,1017
2054,1071
2055,963
2056,1072
2057,1094
2058,984
2059,1078
2060,895
2061,1106
2062,1008
2063,1256
2064,1084
2065,953
2066,937
2067,1144
2068,925
2069,968
2070,926
2071,998
2072,1016
2073,1065
2074,1170
2075,1067
2076,1008
2077,1199
2078,1129
2079,1250
2080,1072
2081,1122
2082,1269
2083,1020
2084,1067
2085,1248
2086,1130
2087,1076
2088,1035
2089,1213
2090,1178
2091,1096
2092,1122
2093,1162
2094,1006
2095,1051
2096,1003
2097,1202
2098,1285
2099,1166
2100,957
2101,957
2102,1374
2103,1117
2104,917
2105,1066
2106,979
2107,1064
2108,1031
2109,919
2110,1098
2111,1000
2112,1112
2113,1124
2114,965
2115,997
2116,1192
2117,910
2118,998
2119,1145
2120,961
2121,1120
2122,1083
2123,1062
2124,1058
2125,1067
2126,1127
2127,985
2128,1044
2129,1025
2130,939
2131,1005
2132,974
2133,1082
2134,1179
2135,967
2136,1051
2137,1082
2138,1313
2139,1162
2140,928
2141,1007
2142,1074
2143,1069
2144,1081
2145,1162
2146,1055
2147,1004
2148,994
2149,974
2150,1034
2151,1085
2152,952
2153,934
2154,938
2155,1214
2156,1024
2157,969
2158,977
2159,964
2160,1156
2161,1100
2162,1012
2163,994
2164,1016
2165,1061
2166,1031
2167,1036
2168,1183
2169,1044
2170,1084
2171,1222
2172,1214
2173,1144
2174,1197
2175,1104
2176,1143
2177,1288
2178,1161
2179,949
2180,936
2181,982
2182,1012
2183,1039
2184,937
2185,1137
2186,982
2187,1152
2188,1228
2189,1027
2190,978
2191,1152
2192,983
2193,1047
2194,1091
2195,1073
2196,1062
2197,1174
2198,1112
2199,1066
2200,986
2201,986
2202,998
2203,1056
2204,1112
2205,1042
2206,1017
2207,996
2208,1147
2209,959
2210,1080
2211,1201
2212,947
2213,1139
2214,1084
2215,953
2216,907
2217,975
2218,1133
2219,944
2220,1115
2221,932
2222,1164
2223,920
2224,1046
2225,1017
2226,907
2227,1030
2228,918
2229,989
2230,973
2231,1083
2232,1058
2233,1184
2234,1123
2235,1034
2236,1000
2237,1066
2238,1058
2239,1054
2240,1116
2241,1002
2242,1131
2243,1091
2244,1102
2245,1079
2246,1188
2247,998
2248,894
2249,1139
2250,1198
2251,978
2252,1140
2253,1159
2254,976
2255,868
2256,1157
2257,977
2258,1031
2259,1029
2260,1216
2261,1009
2262,1129
2263,1081
2264,985
2265,1070
2266,953
2267,1122
2268,969
2269,1278
2270,986
2271,1102
2272,1127
2273,890
2274,996
2275,1043
2276,1049
2277,1100
2278,1020
2279,1055
2280,962
2281,1019
2282,918
2283,968
2284,1014
2285,984
2286,1007
2287,1026
2288,1173
2289,1058
2290,984
2291,1010
2292,1161
2293,1131
2294,922
2295,1108
2296,1028
2297,957
2298,966
2299,917
2300,902
2301,1101
2302,956
2303,1007
2304,955
2305,971
2306,993
2307,960
2308,1121
2309,1255
2310,1007
2311,1071
2312,1172
2313,1053
2314,984
2315,1071
2316,1163
2317,1085
2318,1019
2319,1058
2320,993
2321,1034
2322,909
2323,1028
2324,1047
2325,1129
2326,1044
2327,1021
2328,1101
2329,1066
2330,996
2331,934
2332,987
2333,1302
2334,1121
2335,1100
2336,1071
2337,1163
2338,951
2339,1016
2340,890
2341,1042
2342,1148
2343,1077
2344,1149
2345,1158
2346,1003
2347,1011
2348,1158
2349,1074
2350,1068
2351,1036
2352,980
2353,940
2354,1044
2355,981
2356,1006
2357,1011
2358,996
2359,1072
2360,1158
2361,1181
2362,1032
2363,1204
2364,1084
2365,1086
2366,1058
2367,1081
2368,985
2369,970
2370,942
2371,943
2372,1082
2373,1014
2374,955
2375,1005
2376,1201
2377,858
2378,848
2379,1030
2380,1236
2381,1148
2382,1033
2383,1082
2384,1063
2385,949
2386,982
2387,1014
2388,1290
2389,933
2390,1098
2391,1017
2392,1036
2393,944
2394,909
2395,980
2396,949
2397,964
2398,997
2399,1001
2400,1025
2401,1221
2402,1006
2403,888
2404,1043
2405,1189
2406,998
2407,1063
2408,1254
2409,1009
2410,1155
2411,1255
2412,1055
2413,1065
2414,1233
2415,1012
2416,900
2417,1042
2418,1112
2419,920
2420,1192
2421,1005
2422,1040
2423,1102
2424,1120
2425,896
2426,1258
2427,1045
2428,1043
2429,1092
2430,1109
2431,1076
2432,1037
2433,1047
2434,1202
2435,1109
2436,1129
2437,994
2438,974
2439,1077
2440,826
2441,931
2442,1032
2443,1050
2444,1192
2445,1116
2446,953
2447,979
2448,928
2449,1106
2450,993
2451,976
2452,1070
2453,917
2454,1023
2455,934
2456,1074
2457,979
2458,980
2459,984
2460,1161
2461,1077
2462,1002
2463,1141
2464,1052
2465,1059
2466,1024
2467,938
2468,1106
2469,987
2470,1143
2471,1097
2472,1233
2473,1063
2474,1053
2475,986
2476,1011
2477,1077
2478,1004
2479,1033
2480,1027
2481,1142
2482,1017
2483,1021
2484,1037
2485,994
2486,1095
2487,1012
2488,1029
2489,1014
2490,883
2491,1024
2492,1098
2493,1044
2494,1056
2495,1252
2496,1083
2497,1162
2498,1162
2499,1104
2500,1084
2501,1002
2502,966
2503,1023
2504,1131
2505,1042
2506,1138
2507,1052
2508,1004
2509,992
2510,1008
2511,933
2512,1090
2513,1183
2514,1024
2515,1133
2516,1025
2517,951
2518,1023
2519,962
2520,1108
2521,955
2522,1099
2523,920
2524,1052
2525,982
2526,1054
2527,1102
2528,988
2529,963
2530,952
2531,1089
2532,1064
2533,1105
2534,1097
2535,973
2536,1035
2537,1176
2538,1019
2539,977
2540,1014
2541,1032
2542,1123
2543,996
2544,924
2545,1009
2546,934
2547,976
2548,964
2549,957
2550,938
2551,992
2552,890
2553,1011
2554,1084
2555,1150
2556,986
2557,1082
2558,1263
2559,923
2560,1058
2561,1119
2562,993
2563,1038
2564,1035
2565,1019
2566,1135
2567,1001
2568,1078
2569,1018
2570,1092
2571,948
2572,956
2573,1076
2574,1020
2575,1064
2576,1121
2577,1005
2578,993
2579,870
2580,1161
2581,1119
2582,1110
2583,991
2584,1031
2585,1004
2586,1012
2587,979
2588,1043
2589,989
2590,977
2591,1027
2592,986
2593,1141
2594,1195
2595,1053
2596,968
2597,1134
2598,1194
2599,1123
2600,1039
2601,982
2602,929
2603,997
2604,1035
2605,1025
2606,928
2607,1065
2608,1105
2609,1084
2610,1064
2611,1113
2612,937
2613,1029
2614,948
2615,1012
2616,1045
2617,963
2618,982
2619,1030
2620,1057
2621,952
2622,1079
2623,955
2624,953
2625,1002
2626,1139
2627,1018
2628,986
2629,1065
2630,1028
2631,1044
2632,1053
2633,1022
2634,1121
2635,1005
2636,1047
2637,1031
2638,1023
2639,1027
2640,1042
2641,1037
2642,1077
2643,1034
2644,1075
2645,1088
2646,920
2647,1060
2648,1047
2649,1026
2650,1092
2651,1151
2652,1033
2653,976
2654,960
2655,1053
2656,918
2657,895
2658,1085
2659,866
2660,1075
2661,1098
2662,1020
2663,1064
2664,1081
2665,1142
2666,1014
2667,1057
2668,1086
2669,898
2670,1137
2671,1258
2672,1087
2673,950
2674,1168
2675,914
2676,947
2677,998
2678,1133
2679,1251
2680,1081
2681,1111
2682,905
2683,942
2684,1029
2685,1068
2686,1278
2687,1092
2688,1085
2689,1000
2690,1082
2691,1088
2692,949
2693,1117
2694,1100
2695,1124
2696,1005
2697,1079
2698,1026
2699,1113
2700,951
2701,895
2702,910
2703,971
2704,989
2705,925
2706,983
2707,1003
2708,963
2709,929
2710,971
2711,963
2712,894
2713,961
2714,997
2715,1022
2716,1028
2717,1026
2718,842
2719,1093
2720,897
2721,1082
2722,975
2723,985
2724,940
2725,1057
2726,932
2727,1001
2728,1000
2729,1201
2730,924
2731,1080
2732,968
2733,982
2734,894
2735,994
2736,957
2737,1063
2738,885
2739,982
2740,968
2741,1046
2742,1083
2743,949
2744,951
2745,1114
2746,967
2747,1023
2748,978
2749,1055
2750,1018
2751,975
2752,1125
2753,1017
2754,1061
2755,1016
2756,1071
2757,1016
2758,944
2759,896
2760,978
2761,989
2762,1095
2763,1011
2764,1031
2765,963
2766,1094
2767,1148
2768,965
2769,1036
2770,1101
2771,1005
2772,930
2773,962
2774,1040
2775,945
2776,990
2777,990
2778,1081
2779,1006
2780,972
2781,912
2782,925
2783,992
2784,934
2785,1046
2786,993
2787,1152
2788,1027
2789,1008
2790,979
2791,979
2792,1002
2793,982
2794,1019
2795,841
2796,996
2797,1066
2798,1002
2799,975
2800,1057
2801,952
2802,943
2803,1056
2804,902
2805,921
2806,983
2807,955
2808,1004
2809,992
2810,1061
2811,980
2812,1067
2813,1074
2814,1062
2815,979
2816,917
2817,964
2818,995
2819,998
2820,953
2821,980
2822,1069
2823,1113
2824,1080
2825,1088
2826,951
2827,1002
2828,962
2829,1088
2830,949
2831,1133
2832,1194
2833,994
2834,976
2835,1095
2836,1063
2837,956
2838,1038
2839,1057
2840,1001
2841,940
2842,994
2843,998
2844,1062
2845,1028
2846,1082
2847,1022
2848,1079
2849,1044
2850,1044
2851,1056
2852,1205
2853,977
2854,905
2855,1097
2856,942
2857,987
2858,932
2859,968
2860,939
2861,1017
2862,964
2863,1010
2864,971
2865,1032
2866,1183
2867,1044
2868,1044
2869,1149
2870,976
2871,1078
2872,1039
2873,1024
2874,1021
2875,1075
2876,1068
2877,1161
2878,1156
2879,1129
2880,1266
2881,1059
2882,1188
2883,1109
2884,1058
2885,1153
2886,1027
2887,980
2888,1201
2889,1091
2890,1011
2891,953
2892,1123
2893,963
2894,1079
2895,1004
2896,1052
2897,1004
2898,869
2899,1197
2900,900
2901,1213
2902,1237
2903,879
2904,1172
2905,1141
2906,1054
2907,876
2908,1060
2909,910
2910,1131
2911,986
2912,1029
2913,1202
2914,1217
2915,1086
2916,967
2917,1052
2918,1058
2919,1197
2920,1237
2921,946
2922,1177
2923,1030
2924,970
2925,921
2926,1017
2927,948
2928,988
2929,1017
2930,1066
2931,1066
2932,977
2933,1108
2934,1127
2935,1111
2936,940
2937,1145
2938,1091
2939,880
2940,1038
2941,914
2942,892
2943,1226
2944,1152
2945,982
2946,1259
2947,1106
2948,1159
2949,999
2950,1011
2951,1060
2952,1057
2953,997
2954,1073
2955,1002
2956,994
2957,941
2958,942
2959,1157
2960,991
2961,975
2962,1167
2963,929
2964,1126
2965,864
2966,972
2967,1235
2968,890
2969,1058
2970,983
2971,1019
2972,1084
2973,1104
2974,1279
2975,1017
2976,1175
2977,1206
2978,953
2979,914
2980,1101
2981,915
2982,1034
2983,986
2984,1088
2985,948
2986,963
2987,1211
2988,1162
2989,1091
2990,1069
2991,1077
2992,1006
2993,997
2994,1090
2995,931
2996,1037
2997,964
2998,1087
2999,964
3000,1011
3001,1081
3002,1095
3003,981
3004,1020
3005,963
3006,1205
3007,1181
3008,1149
3009,1092
3010,1157
3011,1084
3012,1084
3013,1048
3014,1083
3015,1184
3016,1115
3017,946
3018,980
3019,1123
3020,1121
3021,1127
3022,1167
3023,992
3024,1042
3025,1102
3026,1106
3027,1044
3028,967
3029,1015
3030,1057
3031,1077
3032,966
3033,1152
3034,983
3035,1182
3036,1029
3037,1122
3038,1042
3039,1112
3040,928
3041,1036
3042,1006
3043,1043
3044,1195
3045,1072
3046,992
3047,1038
3048,998
3049,1017
3050,1118
3051,1051
3052,1067
3053,1192
3054,992
3055,1031
3056,1118
3057,1116
3058,1078
3059,1008
3060,984
3061,1143
3062,945
3063,1116
3064,1037
3065,961
3066,1082
3067,1116
3068,1009
3069,1174
3070,1094
3071,972
3072,1078
3073,990
3074,1043
3075,1109
3076,908
3077,1042
3078,1018
3079,949
3080,1167
3081,1120
3082,1094
3083,1123
3084,888
3085,988
3086,991
3087,976
3088,1037
3089,1062
3090,1175
3091,1018
3092,858
3093,993
3094,1109
3095,949
3096,1092
3097,1112
3098,1038
3099,1112
3100,945
3101,1126
3102,977
3103,1151
3104,1067
3105,1094
3106,1076
3107,1172
3108,1076
3109,878
3110,1110
3111,1146
3112,1138
3113,1066
3114,1112
3115,1112
3116,1014
3117,1143
3118,1188
3119,1109
3120,902
3121,886
3122,1047
3123,917
3124,1047
3125,1076
3126,1143
3127,1082
3128,991
3129,1034
3130,1048
3131,1083
3132,1004
3133,1044
3134,1041
3135,1138
3136,991
3137,1073
3138,1176
3139,1238
3140,1165
3141,1057
3142,1238
3143,1059
3144,978
3145,982
3146,1125
3147,1053
3148,1134
3149,1223
3150,1056
3151,1213
3152,1109
3153,1137
3154,1104
3155,1127
3156,1119
3157,1127
3158,1185
3159,1126
3160,1166
3161,1058
3162,1018
3163,1002
3164,1029
3165,1054
3166,957
3167,1021
3168,1012
3169,1128
3170,1174
3171,1012
3172,1034
3173,1112
3174,996
3175,899
3176,1017
3177,1076
3178,1133
3179,1177
3180,1017
3181,1074
3182,1151
3183,857
3184,1060
3185,904
3186,1034
3187,1007
3188,962
3189,1114
3190,1048
3191,1068
3192,1027
3193,1151
3194,1039
3195,1047
3196,906
3197,961
3198,1040
3199,968
3200,1041
3201,1173
3202,1051
3203,1061
3204,1128
3205,979
3206,1277
3207,1159
3208,1041
3209,1187
3210,1115
3211,1158
3212,933
3213,1076
3214,1053
3215,1004
3216,991
3217,862
3218,906
3219,1068
3220,1093
3221,987
3222,940
3223,837
3224,1137
3225,973
3226,1132
3227,1091
3228,928
3229,1006
3230,1244
3231,960
3232,1099
3233,1089
3234,1008
3235,1087
3236,931
3237,1106
3238,1142
3239,1008
3240,995
3241,1072
3242,1044
3243,1146
3244,1011
3245,1179
3246,1172
3247,1085
3248,1066
3249,1179
3250,1032
3251,1038
3252,1117
3253,1006
3254,1107
3255,1044
3256,1083
3257,1141
3258,1063
3259,1139
3260,1196
3261,1057
3262,1062
3263,968
3264,840
3265,1046
3266,959
3267,1115
3268,947
3269,999
3270,1041
3271,984
3272,919
3273,987
3274,1040
3275,992
3276,1017
3277,1097
3278,1029
3279,972
3280,949
3281,1026
3282,1212
3283,1081
3284,959
3285,1039
3286,1039
3287,1062
3288,1039
3289,1057
3290,1182
3291,1157
3292,1153
3293,1014
3294,1017
3295,1122
3296,1086
3297,958
3298,1007
3299,1171
3300,1047
3301,1082
3302,1177
3303,934
3304,1132
3305,1082
3306,1068
3307,1103
3308,1080
3309,1023
3310,913
3311,1042
3312,969
3313,1003
3314,938
3315,1087
3316,968
3317,951
3318,1112
3319,1133
3320,1162
3321,1177
3322,963
3323,1001
3324,1065
3325,1037
3326,994
3327,1030
3328,867
3329,1063
3330,1066
3331,988
3332,1022
3333,1003
3334,1110
3335,1068
3336,1058
3337,908
3338,1247
3339,1096
3340,981
3341,983
3342,942
3343,1108
3344,1184
3345,984
3346,1133
3347,1139
3348,1170
3349,1053
3350,1196
3351,1037
3352,1046
3353,1122
3354,1133
3355,1081
3356,1008
3357,1159
3358,993
3359,1267
3360,1104
3361,1048
3362,1102
3363,1083
3364,1113
3365,1039
3366,1234
3367,1081
3368,954
3369,1120
3370,1063
3371,1141
3372,957
3373,948
3374,1151
3375,1077
3376,1187
3377,1123
3378,1072
3379,1005
3380,1025
3381,955
3382,960
3383,1055
3384,1126
3385,934
3386,1041
3387,1047
3388,1134
3389,905
3390,926
3391,936
3392,1228
3393,1070
3394,1036
3395,957
3396,987
3397,1054
3398,1091
3399,1090
3400,1056
3401,1140
3402,984
3403,976
3404,1147
3405,1282
3406,1057
3407,1183
3408,1098
3409,942
3410,1083
3411,979
3412,1104
3413,1202
3414,862
3415,1042
3416,947
3417,1077
3418,1152
3419,1002
3420,1059
3421,1196
3422,1128
3423,910
3424,1022
3425,1181
3426,971
3427,1227
3428,1009
3429,1110
3430,1112
3431,987
3432,1022
3433,1216
3434,927
3435,962
3436,1066
3437,1035
3438,1123
3439,969
3440,1203
3441,978
3442,1248
3443,891
3444,1116
3445,1039
3446,926
3447,1004
3448,1122
3449,1106
3450,1032
3451,1146
3452,1054
3453,942
3454,1090
3455,944
3456,1006
3457,1066
3458,1147
3459,1083
3460,1130
3461,1062
3462,1174
3463,973
3464,919
3465,1172
3466,927
3467,1076
3468,1037
3469,981
3470,1182
3471,1117
3472,1178
3473,1154
3474,993
3475,1167
3476,1007
3477,1101
3478,1059
3479,1131
3480,1054
3481,988
3482,1059
3483,1053
3484,965
3485,1038
3486,997
3487,1028
3488,975
3489,1008
3490,901
3491,994
3492,889
3493,947
3494,1107
3495,938
3496,1122
3497,959
3498,1055
3499,1017
3500,943
3501,1031
3502,1128
3503,1032
3504,1028
3505,1046
3506,1047
3507,962
3508,949
3509,1114
3510,971
3511,1033
3512,1118
3513,1027
3514,1064
3515,1073
3516,1088
3517,968
3518,1020
3519,987
3520,1061
3521,994
3522,1127
3523,1069
3524,1107
3525,1242
3526,989
3527,1211
3528,1135
3529,1017
3530,1000
3531,1092
3532,1113
3533,1127
3534,1019
3535,939
3536,1044
3537,1125
3538,1219
3539,1043
3540,1009
3541,1097
3542,1079
3543,1025
3544,997
3545,1250
3546,1075
3547,1161
3548,1014
3549,1087
3550,1100
3551,1297
3552,1117
3553,1017
3554,1014
3555,1132
3556,1173
3557,1144
3558,1072
3559,1017
3560,1066
3561,1127
3562,1101
3563,1215
3564,1057
3565,1194
3566,1127
3567,1277
3568,1072
3569,1041
3570,1053
3571,1088
3572,1080
3573,1066
3574,977
3575,1149
3576,1106
3577,1144
3578,1124
3579,971
3580,948
3581,1034
3582,1056
3583,969
3584,1336
3585,1233
3586,1062
3587,1015
3588,986
3589,987
3590,1072
3591,1024
3592,1037
3593,949
3594,1254
3595,1130
3596,1077
3597,1174
3598,999
3599,1093
3600,1071
3601,1106
3602,1024
3603,1038
3604,994
3605,1149
3606,1044
3607,1180
3608,1043
3609,1265
3610,1058
3611,1007
3612,1177
3613,950
3614,953
3615,888
3616,999
3617,1029
3618,1223
3619,1068
3620,1246
3621,1074
3622,994
3623,1105
3624,1082
3625,1052
3626,1022
3627,986
3628,1111
3629,986
3630,950
3631,1005
3632,1025
3633,1053
3634,1092
3635,879
3636,1282
3637,1009
3638,1064
3639,985
3640,1044
3641,1272
3642,970
3643,1185
3644,1072
3645,979
3646,932
3647,932
3648,989
3649,992
3650,1155
3651,1024
3652,1076
3653,1004
3654,1105
3655,1102
3656,1182
3657,1088
3658,937
3659,1202
3660,1054
3661,1097
3662,1132
3663,1224
3664,1174
3665,1143
3666,1158
3667,1176
3668,1103
3669,1137
3670,1108
3671,1032
3672,1077
3673,1173
3674,1104
3675,1117
3676,1024
3677,1076
3678,1058
3679,949
3680,1057
3681,1082
3682,1217
3683,1016
3684,1052
3685,923
3686,1056
3687,1155
3688,1110
3689,1036
3690,1237
3691,1043
3692,1068
3693,1177
3694,1158
3695,992
3696,1128
3697,1287
3698,1120
3699,1104
3700,1067
3701,1126
3702,1218
3703,1142
3704,1086
3705,928
3706,1089
3707,1253
3708,1176
3709,1151
3710,1123
3711,1233
3712,1117
3713,1079
3714,988
3715,932
3716,1179
3717,1045
3718,1276
3719,1067
3720,1053
3721,901
3722,1136
3723,1146
3724,1024
3725,1122
3726,942
3727,1054
3728,1063
3729,1114
3730,945
3731,1039
3732,1177
3733,916
3734,946
3735,1094
3736,1024
3737,961
3738,1209
3739,1053
3740,1064
3741,963
3742,985
3743,1268
3744,956
3745,1086
3746,1242
3747,1037
3748,1035
3749,922
3750,1189
3751,976
3752,1057
3753,958
3754,1067
3755,1076
3756,1191
3757,918
3758,1029
3759,1078
3760,949
3761,1054
3762,1112
3763,964
3764,1208
3765,1024
3766,1058
3767,1086
3768,1043
3769,871
3770,1042
3771,986
3772,1041
3773,882
3774,1117
3775,1170
3776,981
3777,1128
3778,1038
3779,1053
3780,914
3781,1044
3782,1065
3783,1075
3784,968
3785,898
3786,1175
3787,1147
3788,1026
3789,1066
3790,1008
3791,992
3792,1048
3793,1173
3794,1046
3795,1170
3796,1086
3797,1122
3798,1078
3799,1087
3800,1042
3801,1203
3802,935
3803,1106
3804,1042
3805,978
3806,977
3807,1098
3808,1088
3809,1064
3810,935
3811,930
3812,1063
3813,966
3814,1029
3815,1004
3816,1019
3817,1065
3818,1162
3819,1055
3820,976
3821,1061
3822,956
3823,1068
3824,1082
3825,952
3826,1142
3827,948
3828,1119
3829,1017
3830,1074
3831,1099
3832,1035
3833,1042
3834,1017
3835,1171
3836,1088
3837,986
3838,1157
3839,994
3840,993
3841,1208
3842,1095
3843,1187
3844,1238
3845,939
3846,1196
3847,1135
3848,1117
3849,1039
3850,1174
3851,973
3852,1147
3853,873
3854,1159
3855,1044
3856,1130
3857,1056
3858,1004
3859,1108
3860,1106
3861,1019
3862,1056
3863,1120
3864,1093
3865,943
3866,1023
3867,1153
3868,1042
3869,962
3870,974
3871,1183
3872,964
3873,977
3874,1017
3875,853
3876,1159
3877,1121
3878,1253
3879,1084
3880,1038
3881,1017
3882,1009
3883,1044
3884,990
3885,1114
3886,1066
3887,1049
3888,1171
3889,952
3890,1200
3891,1106
3892,1083
3893,1097
3894,990
3895,1087
3896,1024
3897,1032
3898,1112
3899,1038
3900,1011
3901,1095
3902,1144
3903,976
3904,1147
3905,931
3906,1118
3907,1083
3908,1158
3909,1142
3910,1155
3911,1066
3912,996
3913,1056
3914,989
3915,1263
3916,989
3917,1004
3918,877
3919,1062
3920,981
3921,974
3922,1119
3923,1020
3924,1063
3925,1128
3926,1021
3927,994
3928,972
3929,930
3930,915
3931,1042
3932,936
3933,940
3934,1088
3935,1036
3936,1001
3937,1011
3938,953
3939,1083
3940,914
3941,1012
3942,1067
3943,983
3944,1035
3945,1136
3946,1238
3947,1027
3948,951
3949,1172
3950,1183
3951,1171
3952,975
3953,1074
3954,956
3955,1144
3956,1129
3957,1020
3958,1068
3959,1038
3960,1007
3961,1076
3962,1081
3963,1109
3964,1023
3965,1167
3966,1086
3967,1096
3968,1037
3969,1007
3970,934
3971,1060
3972,1081
3973,993
3974,1106
3975,1053
3976,1125
3977,1099
3978,1158
3979,908
3980,1055
3981,1047
3982,1062
3983,994
3984,1130
3985,955
3986,1097
3987,899
3988,973
3989,1038
3990,1016
3991,1083
3992,1158
3993,1066
3994,1014
3995,1034
3996,1089
3997,1053
3998,1116
3999,1014
4000,1077
4001,1010
4002,1018
4003,1099
4004,1032
4005,1054
4006,1126
4007,1032
4008,1133
4009,1041
4010,1048
4011,1087
4012,1154
4013,927
4014,990
4015,1242
4016,1041
4017,958
4018,994
4019,962
4020,1024
4021,1047
4022,994
4023,1043
4024,1012
4025,1020
4026,1060
4027,1321
4028,1086
4029,945
4030,1005
4031,1172
4032,987
4033,937
4034,1076
4035,1027
4036,996
4037,1143
4038,1147
4039,1024
4040,1098
4041,1128
4042,959
4043,1101
4044,1094
4045,1062
4046,963
4047,1007
4048,1077
4049,1093
4050,973
4051,1078
4052,1032
4053,1016
4054,1147
4055,1028
4056,1101
4057,964
4058,968
4059,1044
4060,1010
4061,1088
4062,1064
4063,1031
4064,1010
4065,953
4066,969
4067,1012
4068,884
4069,969
4070,934
4071,907
4072,957
4073,1086
4074,925
4075,1054
4076,1003
4077,954
4078,1072
4079,1045
4080,984
4081,1144
