,height_cm
0,180.0
1,173.0
2,173.0
3,168.0
4,196.0
5,175.0
6,183.0
7,188.0
8,178.0
9,183.0
10,178.0
11,175.0
12,183.0
13,190.0
14,173.0
15,175.0
16,170.0
17,178.0
18,178.0
19,178.0
20,180.0
21,168.0
22,168.0
23,201.0
24,178.0
25,163.0
26,185.0
27,180.0
28,175.0
29,185.0
30,190.0
31,180.0
32,165.0
33,188.0
34,180.0
35,180.0
36,173.0
37,188.0
38,173.0
39,175.0
40,178.0
41,170.0
42,185.0
43,173.0
44,178.0
45,168.0
46,175.0
47,175.0
48,190.0
49,168.0
50,180.0
51,185.0
52,165.0
53,178.0
54,170.0
55,183.0
56,180.0
57,178.0
58,173.0
59,190.0
60,163.0
61,175.0
62,185.0
63,173.0
64,175.0
65,170.0
66,168.0
67,188.0
68,178.0
69,163.0
70,175.0
71,173.0
72,163.0
73,175.0
74,185.0
75,175.0
76,168.0
77,175.0
78,185.0
79,183.0
80,180.0
81,178.0
82,183.0
83,180.0
84,173.0
85,157.0
86,173.0
87,183.0
88,178.0
89,170.0
90,173.0
91,173.0
92,183.0
93,185.0
94,190.0
95,183.0
96,168.0
97,170.0
98,188.0
99,180.0
100,183.0
101,175.0
102,180.0
103,183.0
104,185.0
105,190.0
106,175.0
107,175.0
108,185.0
109,170.0
110,185.0
111,183.0
112,170.0
113,185.0
114,180.0
115,185.0
116,170.0
117,178.0
118,188.0
119,168.0
120,165.0
121,175.0
122,173.0
123,190.0
124,190.0
125,178.0
126,180.0
127,185.0
128,183.0
129,175.0
130,168.0
131,183.0
132,175.0
133,175.0
134,183.0
135,170.0
136,188.0
137,183.0
138,180.0
139,175.0
140,180.0
141,178.0
142,190.0
143,168.0
144,180.0
145,190.0
146,173.0
147,180.0
148,188.0
149,193.0
150,183.0
151,183.0
152,183.0
153,175.0
154,193.0
155,183.0
156,178.0
157,178.0
158,168.0
159,180.0
160,188.0
161,175.0
162,185.0
163,180.0
164,173.0
165,173.0
166,183.0
167,165.0
168,183.0
169,173.0
170,196.0
171,175.0
172,180.0
173,173.0
174,175.0
175,185.0
176,170.0
177,183.0
178,180.0
179,175.0
180,173.0
181,168.0
182,175.0
183,190.0
184,173.0
185,178.0
186,196.0
187,188.0
188,190.0
189,173.0
190,165.0
191,188.0
192,180.0
193,178.0
194,173.0
195,180.0
196,173.0
197,185.0
198,173.0
199,180.0
200,196.0
201,175.0
202,178.0
203,175.0
204,173.0
205,173.0
206,183.0
207,193.0
208,178.0
209,173.0
210,175.0
211,175.0
212,173.0
213,173.0
214,178.0
215,157.0
216,190.0
217,178.0
218,183.0
219,168.0
220,163.0
221,175.0
222,185.0
223,175.0
224,183.0
225,175.0
226,170.0
227,178.0
228,180.0
229,178.0
230,165.0
231,175.0
232,168.0
233,183.0
234,175.0
235,163.0
236,221.0
237,183.0
238,175.0
239,188.0
240,180.0
241,180.0
242,168.0
243,178.0
244,183.0
245,188.0
246,165.0
247,168.0
248,175.0
249,163.0
250,185.0
251,178.0
252,180.0
253,175.0
254,170.0
255,170.0
256,168.0
257,173.0
258,178.0
259,173.0
260,175.0
261,183.0
262,183.0
263,168.0
264,178.0
265,180.0
266,168.0
267,185.0
268,190.0
269,183.0
270,190.0
271,175.0
272,178.0
273,165.0
274,178.0
275,160.0
276,178.0
277,175.0
278,173.0
279,196.0
280,178.0
281,185.0
282,183.0
283,168.0
284,173.0
285,178.0
286,168.0
287,168.0
288,165.0
289,190.0
290,168.0
291,180.0
292,175.0
293,188.0
294,175.0
295,180.0
296,175.0
297,170.0
298,173.0
299,180.0
300,163.0
301,168.0
302,183.0
303,183.0
304,180.0
305,180.0
306,198.0
307,180.0
308,180.0
309,175.0
310,188.0
311,180.0
312,165.0
313,173.0
314,170.0
315,180.0
316,175.0
317,183.0
318,180.0
319,175.0
320,175.0
321,180.0
322,168.0
323,188.0
324,183.0
325,173.0
326,175.0
327,170.0
328,185.0
329,198.0
330,175.0
331,193.0
332,168.0
333,178.0
334,188.0
335,178.0
336,168.0
337,168.0
338,183.0
339,190.0
340,185.0
341,173.0
342,178.0
343,170.0
344,178.0
345,168.0
346,178.0
347,196.0
348,180.0
349,163.0
350,185.0
351,183.0
352,183.0
353,185.0
354,168.0
355,175.0
356,173.0
357,175.0
358,180.0
359,173.0
360,178.0
361,170.0
362,160.0
363,173.0
364,185.0
365,165.0
366,173.0
367,168.0
368,168.0
369,188.0
370,190.0
371,168.0
372,183.0
373,190.0
374,180.0
375,188.0
376,175.0
377,170.0
378,175.0
379,185.0
380,178.0
381,188.0
382,175.0
383,173.0
384,180.0
385,180.0
386,190.0
387,168.0
388,168.0
389,178.0
390,170.0
391,168.0
392,170.0
393,175.0
394,178.0
395,183.0
396,170.0
397,168.0
398,183.0
399,198.0
400,183.0
401,178.0
402,170.0
403,175.0
404,165.0
405,168.0
406,165.0
407,185.0
408,175.0
409,188.0
410,175.0
411,190.0
412,178.0
413,185.0
414,180.0
415,160.0
416,183.0
417,193.0
418,168.0
419,170.0
420,170.0
421,168.0
422,180.0
423,168.0
424,190.0
425,173.0
426,170.0
427,175.0
428,178.0
429,163.0
430,170.0
431,183.0
432,173.0
433,178.0
434,180.0
435,188.0
436,183.0
437,185.0
438,188.0
439,175.0
440,170.0
441,183.0
442,173.0
443,175.0
444,175.0
445,180.0
446,190.0
447,178.0
448,193.0
449,175.0
450,180.0
451,183.0
452,183.0
453,188.0
454,178.0
455,190.0
456,168.0
457,188.0
458,160.0
459,178.0
460,185.0
461,175.0
462,178.0
463,180.0
464,170.0
465,185.0
466,178.0
467,173.0
468,180.0
469,175.0
470,178.0
471,178.0
472,180.0
473,180.0
474,180.0
475,178.0
476,173.0
477,183.0
478,180.0
479,173.0
480,178.0
481,163.0
482,165.0
483,185.0
484,175.0
485,170.0
486,188.0
487,152.0
488,196.0
489,180.0
490,168.0
491,175.0
492,168.0
493,168.0
494,185.0
495,185.0
496,170.0
497,173.0
498,173.0
499,173.0
500,188.0
501,170.0
502,180.0
503,185.0
504,175.0
505,170.0
506,173.0
507,180.0
508,178.0
509,175.0
510,178.0
511,183.0
512,178.0
513,173.0
514,178.0
515,180.0
516,170.0
517,180.0
518,175.0
519,183.0
520,173.0
521,163.0
522,173.0
523,178.0
524,185.0
525,173.0
526,183.0
527,178.0
528,180.0
529,180.0
530,175.0
531,188.0
532,175.0
533,173.0
534,173.0
535,190.0
536,183.0
537,175.0
538,180.0
539,185.0
540,180.0
541,175.0
542,173.0
543,173.0
544,183.0
545,193.0
546,178.0
547,165.0
548,178.0
549,180.0
550,180.0
551,183.0
552,180.0
553,168.0
554,193.0
555,173.0
556,193.0
557,180.0
558,178.0
559,180.0
560,175.0
561,175.0
562,178.0
563,175.0
564,183.0
565,183.0
566,170.0
567,175.0
568,165.0
569,173.0
570,183.0
571,175.0
572,173.0
573,178.0
574,183.0
575,178.0
576,180.0
577,190.0
578,175.0
579,178.0
580,170.0
581,175.0
582,188.0
583,178.0
584,175.0
585,175.0
586,175.0
587,183.0
588,175.0
589,180.0
590,178.0
591,180.0
592,185.0
593,170.0
594,183.0
595,178.0
596,185.0
597,183.0
598,173.0
599,180.0
600,175.0
601,185.0
602,183.0
603,173.0
604,180.0
605,175.0
606,175.0
607,183.0
608,180.0
609,185.0
610,185.0
611,168.0
612,163.0
613,175.0
614,168.0
615,168.0
616,165.0
617,173.0
618,180.0
619,165.0
620,170.0
621,180.0
622,185.0
623,173.0
624,175.0
625,173.0
626,183.0
627,175.0
628,170.0
629,183.0
630,178.0
631,175.0
632,175.0
633,180.0
634,188.0
635,173.0
636,193.0
637,168.0
638,180.0
639,170.0
640,175.0
641,178.0
642,168.0
643,175.0
644,183.0
645,185.0
646,168.0
647,193.0
648,183.0
649,170.0
650,173.0
651,173.0
652,175.0
653,178.0
654,168.0
655,178.0
656,178.0
657,180.0
658,163.0
659,175.0
660,180.0
661,178.0
662,188.0
663,183.0
664,170.0
665,180.0
666,175.0
667,178.0
668,173.0
669,218.0
670,175.0
671,196.0
672,180.0
673,183.0
674,190.0
675,188.0
676,183.0
677,180.0
678,180.0
679,173.0
680,185.0
681,178.0
682,175.0
683,180.0
684,163.0
685,168.0
686,180.0
687,180.0
688,173.0
689,175.0
690,185.0
691,165.0
692,168.0
693,180.0
694,188.0
695,175.0
696,175.0
697,185.0
698,196.0
699,193.0
700,190.0
701,180.0
702,183.0
703,170.0
704,203.0
705,173.0
706,185.0
707,173.0
708,180.0
709,173.0
710,175.0
711,163.0
712,180.0
713,173.0
714,198.0
715,173.0
716,175.0
717,173.0
718,173.0
719,170.0
720,178.0
721,168.0
722,180.0
723,193.0
724,175.0
725,175.0
726,175.0
727,178.0
728,173.0
729,175.0
730,178.0
731,173.0
732,178.0
733,178.0
734,178.0
735,178.0
736,168.0
737,170.0
738,175.0
739,178.0
740,175.0
741,173.0
742,170.0
743,175.0
744,180.0
745,180.0
746,185.0
747,185.0
748,188.0
749,175.0
750,168.0
751,170.0
752,183.0
753,180.0
754,178.0
755,178.0
756,175.0
757,180.0
758,175.0
759,180.0
760,168.0
761,180.0
762,178.0
763,180.0
764,173.0
765,183.0
766,173.0
767,180.0
768,173.0
769,178.0
770,175.0
771,180.0
772,168.0
773,178.0
774,183.0
775,188.0
776,157.0
777,180.0
778,175.0
779,178.0
780,188.0
781,180.0
782,180.0
783,175.0
784,175.0
785,193.0
786,180.0
787,183.0
788,165.0
789,188.0
790,175.0
791,180.0
792,173.0
793,170.0
794,183.0
795,160.0
796,190.0
797,180.0
798,188.0
799,178.0
800,185.0
801,178.0
802,198.0
803,173.0
804,188.0
805,178.0
806,173.0
807,180.0
808,173.0
809,180.0
810,188.0
811,180.0
812,180.0
813,175.0
814,180.0
815,178.0
816,178.0
817,168.0
818,175.0
819,193.0
820,173.0
821,183.0
822,180.0
823,185.0
824,175.0
825,190.0
826,170.0
827,170.0
828,183.0
829,188.0
830,183.0
831,173.0
832,173.0
833,173.0
834,183.0
835,173.0
836,185.0
837,178.0
838,165.0
839,178.0
840,173.0
841,180.0
842,173.0
843,178.0
844,180.0
845,178.0
846,180.0
847,175.0
848,188.0
849,188.0
850,180.0
851,178.0
852,180.0
853,180.0
854,175.0
855,178.0
856,168.0
857,183.0
858,178.0
859,180.0
860,183.0
861,180.0
862,185.0
863,178.0
864,173.0
865,188.0
866,180.0
867,178.0
868,180.0
869,239.0
870,178.0
871,188.0
872,175.0
873,180.0
874,178.0
875,165.0
876,175.0
877,178.0
878,175.0
879,183.0
880,183.0
881,173.0
882,173.0
883,178.0
884,168.0
885,178.0
886,183.0
887,185.0
888,173.0
889,180.0
890,183.0
891,190.0
892,163.0
893,168.0
894,188.0
895,185.0
896,178.0
897,173.0
898,178.0
899,180.0
900,178.0
901,173.0
902,155.0
903,175.0
904,178.0
905,170.0
906,180.0
907,178.0
908,173.0
909,173.0
910,170.0
911,168.0
912,165.0
913,183.0
914,170.0
915,173.0
916,178.0
917,170.0
918,185.0
919,170.0
920,185.0
921,175.0
922,170.0
923,178.0
924,178.0
925,178.0
926,175.0
927,190.0
928,175.0
929,175.0
930,175.0
931,173.0
932,178.0
933,165.0
934,168.0
935,180.0
936,180.0
937,175.0
938,170.0
939,173.0
940,183.0
941,170.0
942,180.0
943,175.0
944,168.0
945,175.0
946,178.0
947,180.0
948,173.0
949,183.0
950,168.0
951,175.0
952,201.0
953,173.0
954,190.0
955,188.0
956,185.0
957,185.0
958,175.0
959,196.0
960,168.0
961,180.0
962,170.0
963,163.0
964,163.0
965,170.0
966,175.0
967,173.0
968,175.0
969,178.0
970,183.0
971,178.0
972,188.0
973,180.0
974,193.0
975,183.0
976,196.0
977,183.0
978,188.0
979,175.0
980,180.0
981,173.0
982,180.0
983,185.0
984,175.0
985,183.0
986,178.0
987,183.0
988,180.0
989,185.0
990,170.0
991,180.0
992,178.0
993,183.0
994,173.0
995,178.0
996,180.0
997,183.0
998,183.0
999,188.0
1000,183.0
1001,173.0
1002,175.0
1003,185.0
1004,183.0
1005,185.0
1006,188.0
1007,170.0
1008,190.0
1009,178.0
1010,188.0
1011,188.0
1012,178.0
1013,175.0
1014,178.0
1015,193.0
1016,188.0
1017,185.0
1018,168.0
1019,170.0
1020,170.0
1021,175.0
1022,170.0
1023,170.0
1024,183.0
1025,190.0
1026,178.0
1027,183.0
1028,170.0
1029,183.0
1030,188.0
1031,178.0
1032,188.0
1033,188.0
1034,173.0
1035,183.0
1036,180.0
1037,173.0
1038,188.0
1039,180.0
1040,170.0
1041,170.0
1042,180.0
1043,173.0
1044,168.0
1045,178.0
1046,193.0
1047,190.0
1048,183.0
1049,196.0
1050,188.0
1051,175.0
1052,173.0
1053,190.0
1054,183.0
1055,170.0
1056,168.0
1057,175.0
1058,185.0
1059,160.0
1060,180.0
1061,185.0
1062,188.0
1063,178.0
1064,168.0
1065,185.0
1066,185.0
1067,178.0
1068,183.0
1069,175.0
1070,185.0
1071,173.0
1072,183.0
1073,180.0
1074,183.0
1075,180.0
1076,175.0
1077,185.0
1078,188.0
1079,180.0
1080,183.0
1081,173.0
1082,165.0
1083,183.0
1084,180.0
1085,173.0
1086,170.0
1087,175.0
1088,178.0
1089,163.0
1090,180.0
1091,185.0
1092,175.0
1093,173.0
1094,180.0
1095,168.0
1096,185.0
1097,173.0
1098,183.0
1099,165.0
1100,188.0
1101,178.0
1102,185.0
1103,180.0
1104,175.0
1105,170.0
1106,175.0
1107,175.0
1108,180.0
1109,173.0
1110,173.0
1111,175.0
1112,178.0
1113,183.0
1114,170.0
1115,178.0
1116,178.0
1117,178.0
1118,178.0
1119,188.0
1120,173.0
1121,193.0
1122,183.0
1123,188.0
1124,168.0
1125,178.0
1126,175.0
1127,183.0
1128,178.0
1129,168.0
1130,180.0
1131,173.0
1132,178.0
1133,188.0
1134,183.0
1135,170.0
1136,180.0
1137,175.0
1138,178.0
1139,168.0
1140,173.0
1141,170.0
1142,173.0
1143,173.0
1144,180.0
1145,188.0
1146,183.0
1147,178.0
1148,188.0
1149,180.0
1150,178.0
1151,183.0
1152,168.0
1153,173.0
1154,173.0
1155,180.0
1156,178.0
1157,170.0
1158,170.0
1159,168.0
1160,170.0
1161,178.0
1162,183.0
1163,188.0
1164,170.0
1165,183.0
1166,185.0
1167,180.0
1168,173.0
1169,178.0
1170,185.0
1171,185.0
1172,175.0
1173,178.0
1174,168.0
1175,178.0
1176,183.0
1177,168.0
1178,185.0
1179,188.0
1180,183.0
1181,183.0
1182,175.0
1183,173.0
1184,180.0
1185,183.0
1186,185.0
1187,168.0
1188,178.0
1189,170.0
1190,180.0
1191,175.0
1192,193.0
1193,170.0
1194,193.0
1195,175.0
1196,170.0
1197,175.0
1198,183.0
1199,173.0
1200,170.0
1201,180.0
1202,188.0
1203,185.0
1204,173.0
1205,178.0
1206,173.0
1207,188.0
1208,175.0
1209,190.0
1210,196.0
1211,170.0
1212,180.0
1213,173.0
1214,180.0
1215,175.0
1216,178.0
1217,168.0
1218,183.0
1219,173.0
1220,185.0
1221,175.0
1222,183.0
1223,183.0
1224,180.0
1225,168.0
1226,175.0
1227,168.0
1228,183.0
1229,175.0
1230,178.0
1231,173.0
1232,180.0
1233,185.0
1234,175.0
1235,183.0
1236,188.0
1237,188.0
1238,168.0
1239,178.0
1240,183.0
1241,173.0
1242,190.0
1243,183.0
1244,178.0
1245,183.0
1246,168.0
1247,175.0
1248,175.0
1249,170.0
1250,173.0
1251,178.0
1252,180.0
1253,178.0
1254,183.0
1255,178.0
1256,178.0
1257,178.0
1258,163.0
1259,188.0
1260,178.0
1261,206.0
1262,180.0
1263,180.0
1264,175.0
1265,168.0
1266,173.0
1267,175.0
1268,173.0
1269,185.0
1270,188.0
1271,168.0
1272,175.0
1273,173.0
1274,183.0
1275,183.0
1276,180.0
1277,183.0
1278,190.0
1279,175.0
1280,170.0
1281,188.0
1282,183.0
1283,183.0
1284,178.0
1285,173.0
1286,183.0
1287,180.0
1288,173.0
1289,173.0
1290,183.0
1291,185.0
1292,170.0
1293,180.0
1294,178.0
1295,185.0
1296,173.0
1297,178.0
1298,173.0
1299,170.0
1300,168.0
1301,183.0
1302,183.0
1303,183.0
1304,183.0
1305,178.0
1306,188.0
1307,183.0
1308,178.0
1309,183.0
1310,173.0
1311,183.0
1312,185.0
1313,178.0
1314,185.0
1315,168.0
1316,183.0
1317,180.0
1318,183.0
1319,185.0
1320,178.0
1321,180.0
1322,183.0
1323,188.0
1324,188.0
1325,180.0
1326,188.0
1327,180.0
1328,188.0
1329,163.0
1330,185.0
1331,175.0
1332,190.0
1333,175.0
1334,183.0
1335,175.0
1336,183.0
1337,180.0
1338,178.0
1339,185.0
1340,173.0
1341,175.0
1342,188.0
1343,183.0
1344,183.0
1345,178.0
1346,168.0
1347,180.0
1348,175.0
1349,185.0
1350,175.0
1351,170.0
1352,173.0
1353,178.0
1354,178.0
1355,178.0
1356,168.0
1357,175.0
1358,180.0
1359,170.0
1360,188.0
1361,168.0
1362,173.0
1363,185.0
1364,170.0
1365,180.0
1366,175.0
1367,183.0
1368,180.0
1369,170.0
1370,198.0
1371,178.0
1372,175.0
1373,180.0
1374,183.0
1375,180.0
1376,178.0
1377,173.0
1378,185.0
1379,175.0
1380,180.0
1381,188.0
1382,168.0
1383,178.0
1384,168.0
1385,173.0
1386,178.0
1387,180.0
1388,178.0
1389,183.0
1390,175.0
1391,180.0
1392,180.0
1393,170.0
1394,170.0
1395,185.0
1396,173.0
1397,188.0
1398,163.0
1399,190.0
1400,175.0
1401,180.0
1402,188.0
1403,170.0
1404,183.0
1405,173.0
1406,180.0
1407,180.0
1408,175.0
1409,180.0
1410,180.0
1411,168.0
1412,168.0
1413,178.0
1414,163.0
1415,173.0
1416,180.0
1417,178.0
1418,165.0
1419,170.0
1420,178.0
1421,175.0
1422,180.0
1423,178.0
1424,173.0
1425,180.0
1426,178.0
1427,170.0
1428,170.0
1429,170.0
1430,178.0
1431,168.0
1432,183.0
1433,183.0
1434,175.0
1435,170.0
1436,188.0
1437,183.0
1438,175.0
1439,185.0
1440,165.0
1441,185.0
1442,180.0
1443,190.0
1444,190.0
1445,178.0
1446,175.0
1447,175.0
1448,160.0
1449,175.0
1450,183.0
1451,168.0
1452,188.0
1453,163.0
1454,175.0
1455,193.0
1456,188.0
1457,185.0
1458,173.0
1459,180.0
1460,178.0
1461,180.0
1462,190.0
1463,180.0
1464,190.0
1465,180.0
1466,168.0
1467,173.0
1468,173.0
1469,175.0
1470,183.0
1471,185.0
1472,175.0
1473,173.0
1474,165.0
1475,168.0
1476,183.0
1477,178.0
1478,170.0
1479,173.0
1480,168.0
1481,173.0
1482,180.0
1483,180.0
1484,185.0
1485,178.0
1486,155.0
1487,183.0
1488,170.0
1489,170.0
1490,163.0
1491,178.0
1492,168.0
1493,180.0
1494,173.0
1495,185.0
1496,178.0
1497,185.0
1498,185.0
1499,180.0
1500,183.0
1501,173.0
1502,183.0
1503,188.0
1504,178.0
1505,178.0
1506,196.0
1507,190.0
1508,173.0
1509,180.0
1510,185.0
1511,180.0
1512,173.0
1513,178.0
1514,175.0
1515,168.0
1516,183.0
1517,185.0
1518,180.0
1519,170.0
1520,188.0
1521,175.0
1522,165.0
1523,173.0
1524,168.0
1525,175.0
1526,183.0
1527,168.0
1528,183.0
1529,180.0
1530,183.0
1531,188.0
1532,185.0
1533,152.0
1534,190.0
1535,183.0
1536,180.0
1537,183.0
1538,190.0
1539,183.0
1540,183.0
1541,170.0
1542,183.0
1543,188.0
1544,170.0
1545,178.0
1546,173.0
1547,178.0
1548,175.0
1549,163.0
1550,168.0
1551,175.0
1552,183.0
1553,165.0
1554,183.0
1555,193.0
1556,173.0
1557,180.0
1558,175.0
1559,170.0
1560,160.0
1561,185.0
1562,173.0
1563,183.0
1564,173.0
1565,180.0
1566,168.0
1567,185.0
1568,175.0
1569,188.0
1570,190.0
1571,175.0
1572,175.0
1573,170.0
1574,190.0
1575,165.0
1576,178.0
1577,188.0
1578,180.0
1579,183.0
1580,165.0
1581,173.0
1582,168.0
1583,175.0
1584,175.0
1585,170.0
1586,175.0
1587,190.0
1588,180.0
1589,183.0
1590,175.0
1591,188.0
1592,168.0
1593,196.0
1594,178.0
1595,180.0
1596,175.0
1597,178.0
1598,173.0
1599,178.0
1600,180.0
1601,178.0
1602,168.0
1603,160.0
1604,173.0
1605,183.0
1606,188.0
1607,175.0
1608,178.0
1609,183.0
1610,173.0
1611,183.0
1612,175.0
1613,185.0
1614,175.0
1615,183.0
1616,173.0
1617,188.0
1618,163.0
1619,180.0
1620,180.0
1621,180.0
1622,180.0
1623,193.0
1624,180.0
1625,165.0
1626,173.0
1627,168.0
1628,180.0
1629,175.0
1630,183.0
1631,178.0
1632,188.0
1633,185.0
1634,185.0
1635,183.0
1636,165.0
1637,178.0
1638,175.0
1639,175.0
1640,178.0
1641,175.0
1642,180.0
1643,168.0
1644,183.0
1645,175.0
1646,183.0
1647,190.0
1648,175.0
1649,180.0
1650,183.0
1651,175.0
1652,178.0
1653,185.0
1654,175.0
1655,180.0
1656,170.0
1657,180.0
1658,173.0
1659,185.0
1660,185.0
1661,188.0
1662,163.0
1663,175.0
1664,178.0
1665,180.0
1666,170.0
1667,165.0
1668,178.0
1669,190.0
1670,178.0
1671,183.0
1672,180.0
1673,193.0
1674,173.0
1675,165.0
1676,190.0
1677,170.0
1678,168.0
1679,180.0
1680,175.0
1681,170.0
1682,170.0
1683,175.0
1684,173.0
1685,173.0
1686,193.0
1687,173.0
1688,170.0
1689,180.0
1690,175.0
1691,183.0
1692,190.0
1693,183.0
1694,188.0
1695,175.0
1696,175.0
1697,168.0
1698,173.0
1699,173.0
1700,178.0
1701,185.0
1702,178.0
1703,188.0
1704,180.0
1705,173.0
1706,173.0
1707,165.0
1708,168.0
1709,185.0
1710,185.0
1711,178.0
1712,188.0
1713,175.0
1714,173.0
1715,175.0
1716,168.0
1717,173.0
1718,178.0
1719,173.0
1720,180.0
1721,175.0
1722,196.0
1723,180.0
1724,173.0
1725,185.0
1726,180.0
1727,185.0
1728,183.0
1729,183.0
1730,175.0
1731,173.0
1732,185.0
1733,168.0
1734,173.0
1735,190.0
1736,168.0
1737,185.0
1738,170.0
1739,183.0
1740,183.0
1741,180.0
1742,183.0
1743,183.0
1744,165.0
1745,168.0
1746,178.0
1747,175.0
1748,188.0
1749,183.0
1750,183.0
1751,175.0
1752,173.0
1753,180.0
1754,173.0
1755,170.0
1756,178.0
1757,185.0
1758,180.0
1759,183.0
1760,185.0
1761,185.0
1762,175.0
1763,185.0
1764,173.0
1765,188.0
1766,165.0
1767,173.0
1768,185.0
1769,178.0
1770,168.0
1771,185.0
1772,178.0
1773,175.0
1774,196.0
1775,193.0
1776,173.0
1777,180.0
1778,168.0
1779,188.0
1780,175.0
1781,178.0
1782,188.0
1783,178.0
1784,190.0
1785,183.0
1786,196.0
1787,193.0
1788,183.0
1789,178.0
1790,168.0
1791,173.0
1792,183.0
1793,180.0
1794,178.0
1795,183.0
1796,170.0
1797,183.0
1798,178.0
1799,190.0
1800,185.0
1801,175.0
1802,178.0
1803,175.0
1804,170.0
1805,175.0
1806,183.0
1807,190.0
1808,180.0
1809,175.0
1810,170.0
1811,183.0
1812,170.0
1813,170.0
1814,183.0
1815,180.0
1816,180.0
1817,183.0
1818,180.0
1819,178.0
1820,185.0
1821,188.0
1822,175.0
1823,180.0
1824,173.0
1825,170.0
1826,190.0
1827,173.0
1828,175.0
1829,180.0
1830,178.0
1831,190.0
1832,178.0
1833,190.0
1834,188.0
1835,173.0
1836,185.0
1837,173.0
1838,180.0
1839,178.0
1840,165.0
1841,160.0
1842,190.0
1843,173.0
1844,175.0
1845,173.0
1846,173.0
1847,185.0
1848,185.0
1849,185.0
1850,185.0
1851,173.0
1852,175.0
1853,178.0
1854,183.0
1855,175.0
1856,178.0
1857,185.0
1858,180.0
1859,178.0
1860,180.0
1861,183.0
1862,165.0
1863,180.0
1864,175.0
1865,175.0
1866,178.0
1867,175.0
1868,180.0
1869,188.0
1870,183.0
1871,178.0
1872,175.0
1873,175.0
1874,163.0
1875,170.0
1876,185.0
1877,178.0
1878,170.0
1879,180.0
1880,190.0
1881,185.0
1882,178.0
1883,180.0
1884,175.0
1885,168.0
1886,178.0
1887,183.0
1888,170.0
1889,175.0
1890,175.0
1891,168.0
1892,175.0
1893,183.0
1894,183.0
1895,185.0
1896,185.0
1897,170.0
1898,185.0
1899,185.0
1900,178.0
1901,185.0
1902,183.0
1903,190.0
1904,178.0
1905,183.0
1906,170.0
1907,183.0
1908,173.0
1909,170.0
1910,170.0
1911,175.0
1912,188.0
1913,180.0
1914,183.0
1915,183.0
1916,183.0
1917,175.0
1918,180.0
1919,175.0
1920,183.0
1921,190.0
1922,193.0
1923,168.0
1924,196.0
1925,185.0
1926,178.0
1927,152.0
1928,170.0
1929,183.0
1930,178.0
1931,175.0
1932,165.0
1933,175.0
1934,173.0
1935,185.0
1936,175.0
1937,175.0
1938,185.0
1939,178.0
1940,173.0
1941,178.0
1942,180.0
1943,175.0
1944,175.0
1945,170.0
1946,185.0
1947,175.0
1948,188.0
1949,173.0
1950,173.0
1951,175.0
1952,178.0
1953,178.0
1954,180.0
1955,198.0
1956,188.0
1957,170.0
1958,170.0
1959,178.0
1960,185.0
1961,173.0
1962,168.0
1963,175.0
1964,170.0
1965,157.0
1966,175.0
1967,193.0
1968,170.0
1969,188.0
1970,168.0
1971,178.0
1972,193.0
1973,173.0
1974,178.0
1975,173.0
1976,175.0
1977,180.0
1978,188.0
1979,178.0
1980,180.0
1981,157.0
1982,203.0
1983,178.0
1984,175.0
1985,183.0
1986,185.0
1987,180.0
1988,178.0
1989,175.0
1990,175.0
1991,175.0
1992,170.0
1993,168.0
1994,175.0
1995,185.0
1996,188.0
1997,175.0
1998,175.0
1999,170.0
2000,175.0
2001,188.0
2002,173.0
2003,165.0
2004,173.0
2005,178.0
2006,183.0
2007,178.0
2008,180.0
2009,178.0
2010,183.0
2011,183.0
2012,185.0
2013,190.0
2014,185.0
2015,168.0
2016,180.0
2017,183.0
2018,178.0
2019,160.0
2020,180.0
2021,175.0
2022,173.0
2023,173.0
2024,180.0
2025,188.0
2026,183.0
2027,183.0
2028,178.0
2029,178.0
2030,175.0
2031,173.0
2032,160.0
2033,193.0
2034,180.0
2035,178.0
2036,180.0
2037,173.0
2038,180.0
2039,175.0
2040,178.0
2041,183.0
2042,163.0
2043,178.0
2044,196.0
2045,170.0
2046,183.0
2047,188.0
2048,183.0
2049,175.0
2050,170.0
2051,188.0
2052,168.0
2053,168.0
2054,180.0
2055,178.0
2056,173.0
2057,175.0
2058,168.0
2059,178.0
2060,190.0
2061,170.0
2062,188.0
2063,170.0
2064,175.0
2065,185.0
2066,168.0
2067,190.0
2068,178.0
2069,183.0
2070,175.0
2071,165.0
2072,165.0
2073,170.0
2074,173.0
2075,180.0
2076,178.0
2077,175.0
2078,178.0
2079,175.0
2080,180.0
2081,178.0
2082,183.0
2083,175.0
2084,183.0
2085,178.0
2086,178.0
2087,173.0
2088,173.0
2089,170.0
2090,173.0
2091,185.0
2092,178.0
2093,180.0
2094,178.0
2095,165.0
2096,183.0
2097,175.0
2098,180.0
2099,193.0
2100,175.0
2101,165.0
2102,178.0
2103,178.0
2104,185.0
2105,188.0
2106,190.0
2107,170.0
2108,178.0
2109,173.0
2110,175.0
2111,178.0
2112,175.0
2113,178.0
2114,170.0
2115,175.0
2116,180.0
2117,165.0
2118,168.0
2119,178.0
2120,188.0
2121,178.0
2122,185.0
2123,168.0
2124,180.0
2125,178.0
2126,173.0
2127,168.0
2128,170.0
2129,168.0
2130,190.0
2131,178.0
2132,173.0
2133,178.0
2134,175.0
2135,165.0
2136,175.0
2137,180.0
2138,190.0
2139,185.0
2140,168.0
2141,183.0
2142,185.0
2143,178.0
2144,188.0
2145,183.0
2146,178.0
2147,183.0
2148,178.0
2149,185.0
2150,180.0
2151,188.0
2152,170.0
2153,180.0
2154,180.0
2155,188.0
2156,178.0
2157,178.0
2158,183.0
2159,175.0
2160,201.0
2161,178.0
2162,178.0
2163,178.0
2164,178.0
2165,168.0
2166,168.0
2167,170.0
2168,180.0
2169,168.0
2170,178.0
2171,178.0
2172,178.0
2173,180.0
2174,180.0
2175,170.0
2176,198.0
2177,185.0
2178,183.0
2179,175.0
2180,163.0
2181,168.0
2182,168.0
2183,180.0
2184,178.0
2185,170.0
2186,183.0
2187,178.0
2188,185.0
2189,188.0
2190,170.0
2191,183.0
2192,178.0
2193,178.0
2194,188.0
2195,168.0
2196,165.0
2197,180.0
2198,178.0
2199,180.0
2200,178.0
2201,183.0
2202,163.0
2203,175.0
2204,168.0
2205,183.0
2206,180.0
2207,175.0
2208,183.0
2209,175.0
2210,183.0
2211,188.0
2212,175.0
2213,178.0
2214,173.0
2215,163.0
2216,173.0
2217,178.0
2218,183.0
2219,183.0
2220,183.0
2221,178.0
2222,188.0
2223,188.0
2224,190.0
2225,163.0
2226,170.0
2227,165.0
2228,175.0
2229,178.0
2230,168.0
2231,175.0
2232,168.0
2233,183.0
2234,170.0
2235,183.0
2236,175.0
2237,163.0
2238,188.0
2239,183.0
2240,168.0
2241,190.0
2242,185.0
2243,168.0
2244,206.0
2245,180.0
2246,198.0
2247,175.0
2248,170.0
2249,163.0
2250,188.0
2251,163.0
2252,175.0
2253,173.0
2254,178.0
2255,168.0
2256,180.0
2257,173.0
2258,173.0
2259,173.0
2260,178.0
2261,170.0
2262,178.0
2263,178.0
2264,170.0
2265,175.0
2266,185.0
2267,175.0
2268,178.0
2269,180.0
2270,168.0
2271,173.0
2272,175.0
2273,178.0
2274,173.0
2275,178.0
2276,185.0
2277,185.0
2278,180.0
2279,168.0
2280,175.0
2281,173.0
2282,173.0
2283,168.0
2284,178.0
2285,170.0
2286,170.0
2287,180.0
2288,175.0
2289,170.0
2290,183.0
2291,185.0
2292,185.0
2293,196.0
2294,180.0
2295,175.0
2296,173.0
2297,173.0
2298,170.0
2299,178.0
2300,196.0
2301,183.0
2302,180.0
2303,180.0
2304,180.0
2305,175.0
2306,183.0
2307,183.0
2308,180.0
2309,175.0
2310,183.0
2311,185.0
2312,185.0
2313,175.0
2314,175.0
2315,170.0
2316,170.0
2317,180.0
2318,175.0
2319,168.0
2320,178.0
2321,165.0
2322,178.0
2323,168.0
2324,168.0
2325,188.0
2326,170.0
2327,188.0
2328,173.0
2329,180.0
2330,173.0
2331,190.0
2332,165.0
2333,188.0
2334,173.0
2335,173.0
2336,175.0
2337,188.0
2338,180.0
2339,165.0
2340,170.0
2341,173.0
2342,175.0
2343,165.0
2344,170.0
2345,185.0
2346,180.0
2347,178.0
2348,188.0
2349,178.0
2350,170.0
2351,170.0
2352,173.0
2353,183.0
2354,178.0
2355,168.0
2356,165.0
2357,185.0
2358,173.0
2359,170.0
2360,183.0
2361,173.0
2362,173.0
2363,185.0
2364,178.0
2365,183.0
2366,173.0
2367,168.0
2368,175.0
2369,178.0
2370,165.0
2371,170.0
2372,178.0
2373,188.0
2374,165.0
2375,175.0
2376,180.0
2377,183.0
2378,170.0
2379,178.0
2380,185.0
2381,193.0
2382,168.0
2383,178.0
2384,173.0
2385,183.0
2386,188.0
2387,203.0
2388,183.0
2389,170.0
2390,173.0
2391,178.0
2392,183.0
2393,168.0
2394,173.0
2395,170.0
2396,183.0
2397,170.0
2398,183.0
2399,178.0
2400,183.0
2401,168.0
2402,190.0
2403,183.0
2404,178.0
2405,173.0
2406,175.0
2407,185.0
2408,178.0
2409,168.0
2410,183.0
2411,175.0
2412,178.0
2413,193.0
2414,188.0
2415,190.0
2416,180.0
2417,180.0
2418,180.0
2419,178.0
2420,175.0
2421,203.0
2422,175.0
2423,183.0
2424,168.0
2425,175.0
2426,168.0
2427,180.0
2428,178.0
2429,175.0
2430,168.0
2431,183.0
2432,178.0
2433,173.0
2434,180.0
2435,175.0
2436,185.0
2437,175.0
2438,175.0
2439,175.0
2440,180.0
2441,165.0
2442,175.0
2443,185.0
2444,180.0
2445,180.0
2446,168.0
2447,183.0
2448,178.0
2449,180.0
2450,170.0
2451,170.0
2452,165.0
2453,193.0
2454,173.0
2455,183.0
2456,180.0
2457,180.0
2458,188.0
2459,170.0
2460,173.0
2461,180.0
2462,180.0
2463,175.0
2464,180.0
2465,170.0
2466,175.0
2467,168.0
2468,180.0
2469,170.0
2470,188.0
2471,163.0
2472,178.0
2473,183.0
2474,178.0
2475,183.0
2476,175.0
2477,180.0
2478,180.0
2479,170.0
2480,170.0
2481,183.0
2482,165.0
2483,180.0
2484,168.0
2485,188.0
2486,178.0
2487,165.0
2488,160.0
2489,168.0
2490,178.0
2491,178.0
2492,201.0
2493,178.0
2494,175.0
2495,183.0
2496,178.0
2497,178.0
2498,168.0
2499,180.0
2500,183.0
2501,173.0
2502,183.0
2503,168.0
2504,180.0
2505,175.0
2506,173.0
2507,183.0
2508,168.0
2509,168.0
2510,175.0
2511,180.0
2512,178.0
2513,175.0
2514,185.0
2515,173.0
2516,175.0
2517,170.0
2518,173.0
2519,188.0
2520,175.0
2521,178.0
2522,185.0
2523,173.0
2524,175.0
2525,190.0
2526,168.0
2527,173.0
2528,183.0
2529,173.0
2530,170.0
2531,178.0
2532,175.0
2533,173.0
2534,170.0
2535,183.0
2536,173.0
2537,173.0
2538,180.0
2539,165.0
2540,173.0
2541,188.0
2542,168.0
2543,185.0
2544,183.0
2545,183.0
2546,170.0
2547,165.0
2548,185.0
2549,173.0
2550,183.0
2551,175.0
2552,165.0
2553,170.0
2554,173.0
2555,173.0
2556,163.0
2557,180.0
2558,170.0
2559,173.0
2560,188.0
2561,185.0
2562,170.0
2563,185.0
2564,180.0
2565,170.0
2566,185.0
2567,180.0
2568,178.0
2569,185.0
2570,188.0
2571,173.0
2572,180.0
2573,188.0
2574,193.0
2575,175.0
2576,185.0
2577,170.0
2578,188.0
2579,170.0
2580,183.0
2581,180.0
2582,185.0
2583,175.0
2584,170.0
2585,175.0
2586,180.0
2587,178.0
2588,173.0
2589,188.0
2590,178.0
2591,183.0
2592,170.0
2593,170.0
2594,180.0
2595,170.0
2596,178.0
2597,175.0
2598,175.0
2599,198.0
2600,183.0
2601,178.0
2602,180.0
2603,178.0
2604,170.0
2605,160.0
2606,168.0
2607,183.0
2608,185.0
2609,175.0
2610,170.0
2611,173.0
2612,183.0
2613,185.0
2614,178.0
2615,185.0
2616,188.0
2617,173.0
2618,180.0
2619,180.0
2620,180.0
2621,168.0
2622,170.0
2623,178.0
2624,168.0
2625,173.0
2626,185.0
2627,178.0
2628,183.0
2629,178.0
2630,183.0
2631,175.0
2632,170.0
2633,185.0
2634,178.0
2635,178.0
2636,180.0
2637,180.0
2638,175.0
2639,180.0
2640,168.0
2641,163.0
2642,175.0
2643,173.0
2644,165.0
2645,173.0
2646,185.0
2647,173.0
2648,183.0
2649,165.0
2650,188.0
2651,185.0
2652,175.0
2653,173.0
2654,175.0
2655,175.0
2656,170.0
2657,178.0
2658,173.0
2659,170.0
2660,178.0
2661,190.0
2662,175.0
2663,183.0
2664,188.0
2665,180.0
2666,173.0
2667,183.0
2668,183.0
2669,180.0
2670,185.0
2671,180.0
2672,178.0
2673,180.0
2674,175.0
2675,178.0
2676,183.0
2677,180.0
2678,190.0
2679,188.0
2680,180.0
2681,183.0
2682,165.0
2683,168.0
2684,183.0
2685,175.0
2686,188.0
2687,173.0
2688,168.0
2689,175.0
2690,183.0
2691,185.0
2692,183.0
2693,175.0
2694,178.0
2695,173.0
2696,175.0
2697,168.0
2698,178.0
2699,183.0
2700,193.0
2701,160.0
2702,178.0
2703,185.0
2704,173.0
2705,188.0
2706,168.0
2707,183.0
2708,185.0
2709,170.0
2710,180.0
2711,175.0
2712,178.0
2713,165.0
2714,178.0
2715,173.0
2716,175.0
2717,175.0
2718,165.0
2719,173.0
2720,168.0
2721,168.0
2722,188.0
2723,175.0
2724,160.0
2725,183.0
2726,170.0
2727,170.0
2728,183.0
2729,180.0
2730,183.0
2731,180.0
2732,180.0
2733,170.0
2734,170.0
2735,180.0
2736,175.0
2737,185.0
2738,173.0
2739,183.0
2740,175.0
2741,170.0
2742,190.0
2743,165.0
2744,173.0
2745,185.0
2746,163.0
2747,180.0
2748,183.0
2749,170.0
2750,178.0
2751,188.0
2752,178.0
2753,180.0
2754,190.0
2755,183.0
2756,175.0
2757,183.0
2758,180.0
2759,170.0
2760,178.0
2761,188.0
2762,183.0
2763,185.0
2764,185.0
2765,170.0
2766,175.0
2767,183.0
2768,180.0
2769,183.0
2770,180.0
2771,180.0
2772,185.0
2773,168.0
2774,183.0
2775,178.0
2776,180.0
2777,185.0
2778,178.0
2779,183.0
2780,175.0
2781,180.0
2782,170.0
2783,175.0
2784,170.0
2785,178.0
2786,180.0
2787,188.0
2788,188.0
2789,193.0
2790,175.0
2791,175.0
2792,175.0
2793,180.0
2794,173.0
2795,152.0
2796,175.0
2797,178.0
2798,180.0
2799,178.0
2800,178.0
2801,183.0
2802,170.0
2803,185.0
2804,183.0
2805,180.0
2806,168.0
2807,178.0
2808,183.0
2809,183.0
2810,173.0
2811,175.0
2812,180.0
2813,170.0
2814,180.0
2815,170.0
2816,185.0
2817,163.0
2818,168.0
2819,163.0
2820,170.0
2821,178.0
2822,188.0
2823,180.0
2824,178.0
2825,173.0
2826,175.0
2827,173.0
2828,178.0
2829,185.0
2830,188.0
2831,196.0
2832,188.0
2833,178.0
2834,180.0
2835,180.0
2836,180.0
2837,168.0
2838,180.0
2839,183.0
2840,180.0
2841,178.0
2842,183.0
2843,188.0
2844,173.0
2845,183.0
2846,185.0
2847,173.0
2848,185.0
2849,183.0
2850,175.0
2851,175.0
2852,183.0
2853,178.0
2854,178.0
2855,190.0
2856,168.0
2857,178.0
2858,160.0
2859,165.0
2860,180.0
2861,160.0
2862,175.0
2863,180.0
2864,180.0
2865,165.0
2866,170.0
2867,168.0
2868,175.0
2869,185.0
2870,188.0
2871,178.0
2872,170.0
2873,170.0
2874,190.0
2875,190.0
2876,196.0
2877,173.0
2878,183.0
2879,168.0
2880,178.0
2881,183.0
2882,175.0
2883,168.0
2884,173.0
2885,183.0
2886,175.0
2887,180.0
2888,196.0
2889,178.0
2890,170.0
2891,173.0
2892,180.0
2893,178.0
2894,173.0
2895,183.0
2896,170.0
2897,183.0
2898,173.0
2899,188.0
2900,180.0
2901,180.0
2902,183.0
2903,163.0
2904,170.0
2905,190.0
2906,180.0
2907,183.0
2908,188.0
2909,175.0
2910,175.0
2911,173.0
2912,178.0
2913,180.0
2914,175.0
2915,173.0
2916,175.0
2917,178.0
2918,183.0
2919,178.0
2920,185.0
2921,183.0
2922,180.0
2923,183.0
2924,175.0
2925,175.0
2926,168.0
2927,168.0
2928,188.0
2929,170.0
2930,193.0
2931,178.0
2932,183.0
2933,173.0
2934,175.0
2935,178.0
2936,180.0
2937,178.0
2938,173.0
2939,173.0
2940,178.0
2941,165.0
2942,173.0
2943,185.0
2944,173.0
2945,178.0
2946,188.0
2947,183.0
2948,183.0
2949,168.0
2950,185.0
2951,173.0
2952,183.0
2953,188.0
2954,173.0
2955,185.0
2956,170.0
2957,175.0
2958,170.0
2959,185.0
2960,163.0
2961,185.0
2962,178.0
2963,175.0
2964,175.0
2965,178.0
2966,165.0
2967,180.0
2968,163.0
2969,168.0
2970,190.0
2971,185.0
2972,173.0
2973,173.0
2974,193.0
2975,183.0
2976,180.0
2977,180.0
2978,170.0
2979,173.0
2980,190.0
2981,180.0
2982,196.0
2983,175.0
2984,178.0
2985,188.0
2986,165.0
2987,188.0
2988,180.0
2989,173.0
2990,175.0
2991,168.0
2992,170.0
2993,170.0
2994,170.0
2995,185.0
2996,180.0
2997,168.0
2998,178.0
2999,173.0
3000,173.0
3001,185.0
3002,183.0
3003,185.0
3004,180.0
3005,178.0
3006,180.0
3007,173.0
3008,180.0
3009,175.0
3010,183.0
3011,188.0
3012,168.0
3013,180.0
3014,178.0
3015,180.0
3016,175.0
3017,185.0
3018,183.0
3019,175.0
3020,193.0
3021,168.0
3022,178.0
3023,183.0
3024,175.0
3025,168.0
3026,185.0
3027,185.0
3028,173.0
3029,168.0
3030,173.0
3031,178.0
3032,180.0
3033,175.0
3034,183.0
3035,178.0
3036,180.0
3037,168.0
3038,180.0
3039,178.0
3040,175.0
3041,180.0
3042,170.0
3043,185.0
3044,185.0
3045,178.0
3046,185.0
3047,178.0
3048,178.0
3049,178.0
3050,180.0
3051,178.0
3052,178.0
3053,188.0
3054,170.0
3055,173.0
3056,173.0
3057,183.0
3058,180.0
3059,170.0
3060,178.0
3061,198.0
3062,173.0
3063,183.0
3064,168.0
3065,157.0
3066,170.0
3067,180.0
3068,183.0
3069,180.0
3070,175.0
3071,175.0
3072,175.0
3073,185.0
3074,188.0
3075,178.0
3076,173.0
3077,170.0
3078,183.0
3079,175.0
3080,183.0
3081,178.0
3082,180.0
3083,178.0
3084,178.0
3085,168.0
3086,190.0
3087,178.0
3088,180.0
3089,170.0
3090,175.0
3091,175.0
3092,157.0
3093,173.0
3094,188.0
3095,185.0
3096,185.0
3097,190.0
3098,183.0
3099,196.0
3100,180.0
3101,183.0
3102,168.0
3103,196.0
3104,188.0
3105,178.0
3106,188.0
3107,175.0
3108,178.0
3109,168.0
3110,180.0
3111,173.0
3112,173.0
3113,178.0
3114,168.0
3115,185.0
3116,175.0
3117,173.0
3118,185.0
3119,173.0
3120,180.0
3121,175.0
3122,163.0
3123,178.0
3124,185.0
3125,175.0
3126,175.0
3127,168.0
3128,157.0
3129,173.0
3130,168.0
3131,183.0
3132,183.0
3133,185.0
3134,175.0
3135,183.0
3136,183.0
3137,165.0
3138,190.0
3139,180.0
3140,178.0
3141,175.0
3142,190.0
3143,188.0
3144,180.0
3145,175.0
3146,180.0
3147,178.0
3148,173.0
3149,178.0
3150,188.0
3151,168.0
3152,183.0
3153,175.0
3154,178.0
3155,175.0
3156,175.0
3157,175.0
3158,170.0
3159,178.0
3160,185.0
3161,165.0
3162,175.0
3163,173.0
3164,183.0
3165,183.0
3166,190.0
3167,188.0
3168,183.0
3169,180.0
3170,183.0
3171,185.0
3172,198.0
3173,185.0
3174,170.0
3175,170.0
3176,190.0
3177,175.0
3178,180.0
3179,168.0
3180,175.0
3181,188.0
3182,185.0
3183,180.0
3184,168.0
3185,180.0
3186,180.0
3187,178.0
3188,175.0
3189,188.0
3190,193.0
3191,183.0
3192,175.0
3193,180.0
3194,183.0
3195,168.0
3196,178.0
3197,170.0
3198,170.0
3199,170.0
3200,175.0
3201,188.0
3202,170.0
3203,180.0
3204,178.0
3205,165.0
3206,188.0
3207,190.0
3208,152.0
3209,180.0
3210,183.0
3211,188.0
3212,170.0
3213,180.0
3214,168.0
3215,178.0
3216,178.0
3217,168.0
3218,178.0
3219,170.0
3220,180.0
3221,165.0
3222,188.0
3223,173.0
3224,183.0
3225,168.0
3226,178.0
3227,193.0
3228,175.0
3229,170.0
3230,193.0
3231,188.0
3232,168.0
3233,188.0
3234,180.0
3235,178.0
3236,180.0
3237,170.0
3238,175.0
3239,173.0
3240,188.0
3241,188.0
3242,183.0
3243,190.0
3244,183.0
3245,196.0
3246,178.0
3247,173.0
3248,173.0
3249,170.0
3250,175.0
3251,180.0
3252,168.0
3253,175.0
3254,168.0
3255,170.0
3256,180.0
3257,178.0
3258,180.0
3259,185.0
3260,183.0
3261,168.0
3262,178.0
3263,180.0
3264,168.0
3265,178.0
3266,170.0
3267,188.0
3268,178.0
3269,170.0
3270,183.0
3271,183.0
3272,173.0
3273,173.0
3274,175.0
3275,178.0
3276,183.0
3277,180.0
3278,168.0
3279,178.0
3280,168.0
3281,178.0
3282,168.0
3283,185.0
3284,175.0
3285,183.0
3286,173.0
3287,170.0
3288,185.0
3289,188.0
3290,180.0
3291,183.0
3292,180.0
3293,178.0
3294,175.0
3295,178.0
3296,188.0
3297,170.0
3298,178.0
3299,180.0
3300,173.0
3301,173.0
3302,180.0
3303,185.0
3304,185.0
3305,175.0
3306,183.0
3307,178.0
3308,170.0
3309,168.0
3310,168.0
3311,168.0
3312,175.0
3313,178.0
3314,170.0
3315,183.0
3316,196.0
3317,183.0
3318,175.0
3319,188.0
3320,165.0
3321,170.0
3322,188.0
3323,188.0
3324,175.0
3325,175.0
3326,180.0
3327,190.0
3328,165.0
3329,178.0
3330,183.0
3331,165.0
3332,178.0
3333,180.0
3334,173.0
3335,173.0
3336,196.0
3337,175.0
3338,175.0
3339,180.0
3340,170.0
3341,173.0
3342,163.0
3343,188.0
3344,168.0
3345,178.0
3346,175.0
3347,178.0
3348,168.0
3349,173.0
3350,165.0
3351,168.0
3352,178.0
3353,178.0
3354,180.0
3355,173.0
3356,183.0
3357,193.0
3358,170.0
3359,193.0
3360,180.0
3361,170.0
3362,178.0
3363,173.0
3364,175.0
3365,180.0
3366,178.0
3367,175.0
3368,183.0
3369,188.0
3370,175.0
3371,180.0
3372,175.0
3373,168.0
3374,183.0
3375,180.0
3376,180.0
3377,180.0
3378,188.0
3379,175.0
3380,178.0
3381,173.0
3382,180.0
3383,183.0
3384,178.0
3385,173.0
3386,201.0
3387,178.0
3388,188.0
3389,175.0
3390,183.0
3391,170.0
3392,180.0
3393,170.0
3394,178.0
3395,180.0
3396,185.0
3397,175.0
3398,178.0
3399,183.0
3400,183.0
3401,183.0
3402,178.0
3403,196.0
3404,170.0
3405,183.0
3406,193.0
3407,183.0
3408,190.0
3409,170.0
3410,180.0
3411,168.0
3412,185.0
3413,178.0
3414,175.0
3415,180.0
3416,170.0
3417,165.0
3418,175.0
3419,180.0
3420,170.0
3421,173.0
3422,180.0
3423,198.0
3424,180.0
3425,168.0
3426,160.0
3427,183.0
3428,193.0
3429,183.0
3430,175.0
3431,173.0
3432,175.0
3433,175.0
3434,173.0
3435,175.0
3436,183.0
3437,196.0
3438,185.0
3439,183.0
3440,170.0
3441,188.0
3442,183.0
3443,175.0
3444,180.0
3445,170.0
3446,170.0
3447,175.0
3448,188.0
3449,180.0
3450,168.0
3451,175.0
3452,170.0
3453,170.0
3454,185.0
3455,185.0
3456,178.0
3457,180.0
3458,175.0
3459,180.0
3460,183.0
3461,170.0
3462,188.0
3463,180.0
3464,163.0
3465,188.0
3466,173.0
3467,193.0
3468,175.0
3469,185.0
3470,188.0
3471,168.0
3472,196.0
3473,183.0
3474,168.0
3475,180.0
3476,185.0
3477,178.0
3478,173.0
3479,170.0
3480,185.0
3481,170.0
3482,190.0
3483,175.0
3484,168.0
3485,180.0
3486,180.0
3487,175.0
3488,175.0
3489,168.0
3490,170.0
3491,168.0
3492,163.0
3493,180.0
3494,183.0
3495,188.0
3496,168.0
3497,180.0
3498,180.0
3499,183.0
3500,180.0
3501,173.0
3502,178.0
3503,183.0
3504,175.0
3505,183.0
3506,180.0
3507,183.0
3508,163.0
3509,170.0
3510,168.0
3511,170.0
3512,170.0
3513,160.0
3514,175.0
3515,170.0
3516,170.0
3517,193.0
3518,178.0
3519,193.0
3520,193.0
3521,190.0
3522,180.0
3523,188.0
3524,173.0
3525,178.0
3526,173.0
3527,180.0
3528,175.0
3529,170.0
3530,170.0
3531,178.0
3532,175.0
3533,180.0
3534,173.0
3535,183.0
3536,178.0
3537,180.0
3538,165.0
3539,178.0
3540,180.0
3541,183.0
3542,180.0
3543,173.0
3544,183.0
3545,170.0
3546,178.0
3547,183.0
3548,173.0
3549,170.0
3550,185.0
3551,180.0
3552,178.0
3553,170.0
3554,165.0
3555,175.0
3556,180.0
3557,180.0
3558,170.0
3559,175.0
3560,180.0
3561,175.0
3562,190.0
3563,185.0
3564,168.0
3565,188.0
3566,193.0
3567,180.0
3568,185.0
3569,173.0
3570,168.0
3571,173.0
3572,183.0
3573,180.0
3574,170.0
3575,175.0
3576,175.0
3577,180.0
3578,190.0
3579,180.0
3580,175.0
3581,170.0
3582,175.0
3583,183.0
3584,173.0
3585,190.0
3586,175.0
3587,173.0
3588,170.0
3589,180.0
3590,180.0
3591,173.0
3592,178.0
3593,178.0
3594,185.0
3595,175.0
3596,173.0
3597,190.0
3598,180.0
3599,185.0
3600,175.0
3601,180.0
3602,170.0
3603,170.0
3604,180.0
3605,173.0
3606,175.0
3607,170.0
3608,180.0
3609,190.0
3610,173.0
3611,180.0
3612,173.0
3613,168.0
3614,170.0
3615,175.0
3616,165.0
3617,173.0
3618,175.0
3619,168.0
3620,193.0
3621,173.0
3622,188.0
3623,173.0
3624,183.0
3625,185.0
3626,178.0
3627,175.0
3628,183.0
3629,178.0
3630,173.0
3631,180.0
3632,180.0
3633,180.0
3634,190.0
3635,170.0
3636,183.0
3637,180.0
3638,170.0
3639,188.0
3640,178.0
3641,190.0
3642,170.0
3643,168.0
3644,175.0
3645,173.0
3646,193.0
3647,173.0
3648,183.0
3649,170.0
3650,178.0
3651,175.0
3652,180.0
3653,183.0
3654,180.0
3655,183.0
3656,170.0
3657,173.0
3658,163.0
3659,175.0
3660,175.0
3661,165.0
3662,183.0
3663,183.0
3664,183.0
3665,175.0
3666,173.0
3667,180.0
3668,185.0
3669,178.0
3670,183.0
3671,183.0
3672,173.0
3673,173.0
3674,170.0
3675,165.0
3676,175.0
3677,170.0
3678,190.0
3679,168.0
3680,190.0
3681,185.0
3682,183.0
3683,188.0
3684,183.0
3685,173.0
3686,178.0
3687,180.0
3688,190.0
3689,168.0
3690,180.0
3691,178.0
3692,178.0
3693,165.0
3694,173.0
3695,188.0
3696,185.0
3697,190.0
3698,183.0
3699,170.0
3700,175.0
3701,170.0
3702,193.0
3703,175.0
3704,183.0
3705,188.0
3706,188.0
3707,180.0
3708,180.0
3709,185.0
3710,173.0
3711,178.0
3712,178.0
3713,175.0
3714,175.0
3715,180.0
3716,188.0
3717,188.0
3718,193.0
3719,185.0
3720,183.0
3721,175.0
3722,178.0
3723,180.0
3724,173.0
3725,170.0
3726,168.0
3727,173.0
3728,170.0
3729,163.0
3730,165.0
3731,165.0
3732,163.0
3733,170.0
3734,180.0
3735,188.0
3736,180.0
3737,173.0
3738,178.0
3739,168.0
3740,183.0
3741,183.0
3742,180.0
3743,188.0
3744,180.0
3745,185.0
3746,165.0
3747,175.0
3748,180.0
3749,175.0
3750,178.0
3751,178.0
3752,163.0
3753,178.0
3754,173.0
3755,168.0
3756,170.0
3757,180.0
3758,180.0
3759,175.0
3760,193.0
3761,180.0
3762,170.0
3763,165.0
3764,185.0
3765,165.0
3766,170.0
3767,173.0
3768,185.0
3769,173.0
3770,183.0
3771,178.0
3772,173.0
3773,178.0
3774,175.0
3775,188.0
3776,180.0
3777,185.0
3778,175.0
3779,170.0
3780,180.0
3781,178.0
3782,183.0
3783,170.0
3784,175.0
3785,185.0
3786,175.0
3787,180.0
3788,175.0
3789,178.0
3790,175.0
3791,175.0
3792,180.0
3793,178.0
3794,185.0
3795,188.0
3796,170.0
3797,170.0
3798,183.0
3799,180.0
3800,183.0
3801,183.0
3802,175.0
3803,185.0
3804,160.0
3805,170.0
3806,163.0
3807,178.0
3808,173.0
3809,193.0
3810,178.0
3811,183.0
3812,193.0
3813,178.0
3814,188.0
3815,183.0
3816,183.0
3817,178.0
3818,180.0
3819,173.0
3820,165.0
3821,175.0
3822,170.0
3823,178.0
3824,173.0
3825,173.0
3826,180.0
3827,180.0
3828,175.0
3829,173.0
3830,178.0
3831,168.0
3832,183.0
3833,173.0
3834,170.0
3835,178.0
3836,173.0
3837,198.0
3838,175.0
3839,173.0
3840,178.0
3841,175.0
3842,165.0
3843,175.0
3844,175.0
3845,180.0
3846,175.0
3847,183.0
3848,180.0
3849,183.0
3850,168.0
3851,165.0
3852,183.0
3853,170.0
3854,183.0
3855,188.0
3856,173.0
3857,175.0
3858,178.0
3859,173.0
3860,188.0
3861,180.0
3862,175.0
3863,175.0
3864,165.0
3865,170.0
3866,180.0
3867,175.0
3868,180.0
3869,175.0
3870,183.0
3871,180.0
3872,175.0
3873,178.0
3874,173.0
3875,180.0
3876,168.0
3877,183.0
3878,173.0
3879,183.0
3880,185.0
3881,175.0
3882,175.0
3883,188.0
3884,168.0
3885,183.0
3886,193.0
3887,183.0
3888,175.0
3889,178.0
3890,185.0
3891,168.0
3892,178.0
3893,180.0
3894,168.0
3895,175.0
3896,183.0
3897,170.0
3898,175.0
3899,188.0
3900,178.0
3901,173.0
3902,188.0
3903,188.0
3904,183.0
3905,168.0
3906,178.0
3907,185.0
3908,173.0
3909,183.0
3910,188.0
3911,180.0
3912,170.0
3913,175.0
3914,183.0
3915,175.0
3916,175.0
3917,185.0
3918,185.0
3919,183.0
3920,168.0
3921,173.0
3922,188.0
3923,170.0
3924,175.0
3925,173.0
3926,185.0
3927,183.0
3928,175.0
3929,185.0
3930,180.0
3931,188.0
3932,178.0
3933,173.0
3934,168.0
3935,173.0
3936,173.0
3937,183.0
3938,175.0
3939,180.0
3940,180.0
3941,175.0
3942,180.0
3943,175.0
3944,180.0
3945,180.0
3946,180.0
3947,178.0
3948,170.0
3949,178.0
3950,180.0
3951,175.0
3952,193.0
3953,173.0
3954,170.0
3955,175.0
3956,173.0
3957,183.0
3958,180.0
3959,180.0
3960,170.0
3961,180.0
3962,180.0
3963,180.0
3964,175.0
3965,175.0
3966,168.0
3967,185.0
3968,178.0
3969,185.0
3970,168.0
3971,173.0
3972,198.0
3973,178.0
3974,178.0
3975,188.0
3976,173.0
3977,185.0
3978,183.0
3979,175.0
3980,175.0
3981,175.0
3982,183.0
3983,183.0
3984,193.0
3985,178.0
3986,183.0
3987,183.0
3988,180.0
3989,180.0
3990,185.0
3991,188.0
3992,185.0
3993,183.0
3994,193.0
3995,175.0
3996,185.0
3997,175.0
3998,183.0
3999,168.0
4000,173.0
4001,185.0
4002,183.0
4003,190.0
4004,170.0
4005,165.0
4006,170.0
4007,190.0
4008,185.0
4009,170.0
4010,183.0
4011,185.0
4012,190.0
4013,183.0
4014,173.0
4015,193.0
4016,193.0
4017,178.0
4018,173.0
4019,175.0
4020,175.0
4021,185.0
4022,175.0
4023,173.0
4024,173.0
4025,173.0
4026,183.0
4027,183.0
4028,180.0
4029,170.0
4030,185.0
4031,180.0
4032,180.0
4033,168.0
4034,180.0
4035,178.0
4036,168.0
4037,173.0
4038,170.0
4039,170.0
4040,180.0
4041,183.0
4042,170.0
4043,180.0
4044,180.0
4045,168.0
4046,178.0
4047,165.0
4048,175.0
4049,165.0
4050,178.0
4051,180.0
4052,173.0
4053,180.0
4054,180.0
4055,183.0
4056,165.0
4057,170.0
4058,180.0
4059,180.0
4060,168.0
4061,183.0
4062,193.0
4063,183.0
4064,178.0
4065,170.0
4066,168.0
4067,175.0
4068,175.0
4069,175.0
4070,178.0
4071,157.0
4072,170.0
4073,175.0
4074,188.0
4075,178.0
4076,185.0
4077,170.0
4078,180.0
4079,170.0
4080,175.0
4081,185.0
