,chest_circumference,waist_circumference,weight_hg,height_cm
0,1074,933,815,180
1,1021,870,726,172
2,1120,964,929,172
3,1114,857,794,167
4,1048,868,946,195
5,1066,950,802,175
6,1208,1073,1162,182
7,1087,1010,954,187
8,1181,1065,995,177
9,964,824,702,182
10,1117,994,882,177
11,961,866,701,175
12,1151,986,1037,182
13,1231,1045,1116,190
14,1060,1007,896,172
15,1092,1033,924,175
16,1085,908,779,170
17,1118,1028,969,177
18,999,874,760,177
19,1127,999,908,177
20,1000,837,714,180
21,977,880,746,167
22,1079,978,792,167
23,1011,827,915,200
24,1098,1030,965,177
25,957,885,675,162
26,1158,1130,1073,185
27,964,912,793,180
28,971,864,782,175
29,1057,965,882,185
30,957,777,715,190
31,1108,1063,947,180
32,947,870,665,165
33,1043,966,879,187
34,965,806,675,180
35,1174,1096,884,180
36,951,895,695,172
37,1182,1214,1218,187
38,981,790,719,172
39,1086,1002,881,175
40,865,748,575,177
41,1205,1043,876,170
42,1013,864,850,185
43,1152,969,865,172
44,1096,1095,958,177
45,957,770,667,167
46,985,840,706,175
47,1063,1028,847,175
48,1137,1021,1013,190
49,1106,1061,856,167
50,1166,1139,1095,180
51,1081,922,834,185
52,1006,995,727,165
53,1153,1047,986,177
54,1037,885,773,170
55,1469,1379,1400,182
56,901,750,674,180
57,1071,970,884,177
58,1263,1068,988,172
59,1146,1012,952,190
60,858,754,566,162
61,1044,926,717,175
62,904,827,717,185
63,1033,940,802,172
64,1160,1133,988,175
65,971,843,662,170
66,1050,1021,807,167
67,1213,1061,1053,187
68,944,786,683,177
69,989,855,749,162
70,975,830,738,175
71,939,743,604,172
72,1091,967,774,162
73,983,922,768,175
74,1129,1120,1022,185
75,1205,1060,963,175
76,1123,1030,923,167
77,1129,974,988,175
78,1048,844,887,185
79,1063,969,987,182
80,1098,1010,852,180
81,972,892,748,177
82,1127,1032,920,182
83,963,851,744,180
84,1098,979,823,172
85,953,857,627,157
86,1024,979,778,172
87,1043,984,882,182
88,902,721,590,177
89,1008,885,730,170
90,1027,961,864,172
91,1044,996,866,172
92,917,838,737,182
93,917,752,654,185
94,924,775,696,190
95,994,809,775,182
96,1001,862,727,167
97,1069,1027,797,170
98,995,797,744,187
99,1104,1082,968,180
100,1045,942,866,182
101,1015,871,742,175
102,1109,912,920,180
103,991,873,814,182
104,844,785,646,185
105,1176,1023,954,190
106,1085,924,853,175
107,1085,1001,900,175
108,1021,901,835,185
109,1096,958,851,170
110,1063,972,897,185
111,1030,939,872,182
112,1106,1003,822,170
113,1163,1139,1112,185
114,1089,1162,987,180
115,1149,1111,1105,185
116,1041,900,782,170
117,1056,998,869,177
118,1358,1330,1413,187
119,1025,897,789,167
120,1000,911,690,165
121,1026,861,792,175
122,989,920,699,172
123,1251,1192,1212,190
124,1030,1012,878,190
125,970,845,706,177
126,1035,843,822,180
127,1076,910,992,185
128,1038,879,760,182
129,1113,1031,988,175
130,1011,929,759,167
131,1024,994,898,182
132,997,815,782,175
133,1057,983,831,175
134,1082,1004,996,182
135,1002,825,742,170
136,1132,1077,968,187
137,1123,952,916,182
138,1175,1047,1080,180
139,1021,851,788,175
140,1115,920,949,180
141,1112,934,906,177
142,1165,1114,1069,190
143,1056,967,874,167
144,1048,1007,879,180
145,1137,1109,1154,190
146,1041,827,790,172
147,1027,947,887,180
148,1021,881,866,187
149,1001,833,806,193
150,1126,963,966,182
151,1225,1100,1099,182
152,1070,852,771,182
153,1102,941,951,175
154,1194,1026,1118,193
155,1097,978,895,182
156,1208,1150,1060,177
157,1116,935,951,177
158,995,923,721,167
159,1092,973,872,180
160,1079,908,978,187
161,1179,1111,974,175
162,1084,1031,958,185
163,1150,1164,1123,180
164,1098,1006,900,172
165,1142,1018,948,172
166,1071,992,950,182
167,1021,908,739,165
168,1241,1053,1036,182
169,1027,912,777,172
170,1167,1049,1080,195
171,1082,917,840,175
172,1139,1066,964,180
173,947,848,707,172
174,948,759,705,175
175,1058,959,851,185
176,1102,970,865,170
177,1179,1068,972,182
178,1028,972,822,180
179,1048,993,842,175
180,969,898,723,172
181,1125,964,896,167
182,1049,881,755,175
183,957,821,732,190
184,913,801,701,172
185,995,845,783,177
186,1237,1134,1164,195
187,1018,877,799,187
188,1059,951,908,190
189,907,867,677,172
190,1063,1029,858,165
191,1017,879,852,187
192,1130,1015,1033,180
193,1156,1034,1034,177
194,978,844,725,172
195,963,797,711,180
196,965,892,678,172
197,956,865,782,185
198,1080,1031,909,172
199,1078,912,840,180
200,1158,1086,1086,195
201,1013,914,758,175
202,1037,923,833,177
203,1039,918,870,175
204,985,831,728,172
205,1285,1182,1109,172
206,1082,1054,945,182
207,1157,1118,1141,193
208,1049,963,907,177
209,1063,877,846,172
210,1061,912,818,175
211,1120,973,869,175
212,913,818,682,172
213,941,783,680,172
214,1151,1015,947,177
215,810,694,474,157
216,1163,1121,1158,190
217,972,870,729,177
218,1091,1015,1078,182
219,846,738,540,167
220,1092,1032,854,162
221,1071,979,871,175
222,1172,1017,1071,185
223,1035,883,791,175
224,1203,1068,1096,182
225,1212,1179,1150,175
226,1047,993,866,170
227,977,880,756,177
228,1014,977,834,180
229,1041,925,812,177
230,1082,1010,845,165
231,1166,1004,941,175
232,967,744,644,167
233,1171,1045,1124,182
234,1078,936,907,175
235,963,755,718,162
236,1101,997,971,220
237,1053,913,813,182
238,1027,921,755,175
239,972,899,797,187
240,915,734,648,180
241,1142,1124,1079,180
242,1081,976,874,167
243,1108,1084,982,177
244,1069,1026,893,182
245,1140,1078,1087,187
246,1018,972,775,165
247,1096,903,801,167
248,1127,928,874,175
249,907,779,568,162
250,1241,1149,1174,185
251,1092,992,863,177
252,1178,989,970,180
253,1031,933,779,175
254,872,744,556,170
255,884,714,533,170
256,1121,1147,933,167
257,1063,976,866,172
258,1242,1077,1096,177
259,949,835,676,172
260,953,797,718,175
261,1106,969,916,182
262,1094,918,871,182
263,954,776,701,167
264,1242,1124,1115,177
265,1166,1146,1084,180
266,904,797,637,167
267,1071,1032,964,185
268,1182,1005,1054,190
269,1052,921,887,182
270,1162,1132,1145,190
271,1069,988,890,175
272,957,797,688,177
273,1020,897,710,165
274,1198,1145,1021,177
275,1079,1003,784,160
276,1172,1175,1105,177
277,1008,987,819,175
278,1168,1043,871,172
279,1027,842,869,195
280,1068,915,775,177
281,1139,1076,1098,185
282,1076,968,965,182
283,1045,822,674,167
284,1231,1108,1026,172
285,913,719,601,177
286,960,869,676,167
287,1043,931,867,167
288,1089,939,826,165
289,1019,884,862,190
290,1097,912,821,167
291,963,812,675,180
292,1074,957,860,175
293,1069,1008,954,187
294,1168,1121,970,175
295,1087,946,895,180
296,1173,1029,1016,175
297,1002,913,758,170
298,1022,828,715,172
299,1076,972,884,180
300,820,694,459,162
301,1030,872,756,167
302,1131,1010,995,182
303,1183,1141,1138,182
304,999,908,840,180
305,1115,1091,1114,180
306,1072,948,902,198
307,1063,944,924,180
308,1099,1012,860,180
309,1043,893,842,175
310,1113,992,939,187
311,1121,939,921,180
312,1015,912,724,165
313,1011,942,886,172
314,1058,848,753,170
315,1034,877,857,180
316,1138,1086,980,175
317,937,902,744,182
318,953,826,680,180
319,976,815,677,175
320,1008,919,735,175
321,893,766,649,180
322,1024,978,766,167
323,1029,892,860,187
324,1066,904,809,182
325,1011,952,801,172
326,988,911,773,175
327,1068,903,880,170
328,1065,904,905,185
329,962,908,866,198
330,1094,958,845,175
331,1228,1104,1203,193
332,979,891,769,167
333,1094,1106,995,177
334,1201,1120,1054,187
335,1054,995,872,177
336,1080,922,750,167
337,1123,1060,865,167
338,1106,1045,962,182
339,937,823,727,190
340,962,884,785,185
341,992,865,752,172
342,998,817,744,177
343,1056,952,818,170
344,1131,958,873,177
345,969,747,697,167
346,1000,884,824,177
347,1145,953,999,195
348,1118,929,867,180
349,1020,913,725,162
350,953,852,728,185
351,946,803,715,182
352,1324,1251,1274,182
353,1088,977,961,185
354,1200,1149,1018,167
355,1124,976,869,175
356,1067,913,840,172
357,1053,958,834,175
358,999,917,733,180
359,987,930,735,172
360,998,896,766,177
361,1027,847,858,170
362,915,776,560,160
363,1043,917,754,172
364,1105,996,941,185
365,1209,1046,920,165
366,1098,989,905,172
367,1156,1105,1021,167
368,933,785,650,167
369,1109,955,977,187
370,1202,1043,1130,190
371,1121,978,894,167
372,990,803,763,182
373,1256,1157,1241,190
374,1042,900,876,180
375,925,757,689,187
376,929,810,736,175
377,1026,809,759,170
378,996,788,702,175
379,1146,1067,1018,185
380,1071,999,887,177
381,1219,1196,1266,187
382,1099,952,842,175
383,998,799,699,172
384,957,789,713,180
385,1202,1095,1099,180
386,1164,1029,1042,190
387,922,772,633,167
388,1096,1017,921,167
389,1137,1023,955,177
390,994,817,709,170
391,1016,877,773,167
392,1005,926,781,170
393,1150,1149,1017,175
394,1124,1030,1028,177
395,1093,870,910,182
396,1018,884,787,170
397,1020,955,781,167
398,1138,1042,931,182
399,1012,924,793,198
400,1023,944,812,182
401,911,759,621,177
402,1037,897,758,170
403,1006,852,745,175
404,1092,1001,819,165
405,972,897,714,167
406,1095,951,865,165
407,1233,1093,1091,185
408,1033,931,780,175
409,1078,938,942,187
410,1071,884,832,175
411,1029,948,838,190
412,1145,1078,987,177
413,1132,1034,958,185
414,1035,969,962,180
415,872,747,545,160
416,1003,878,777,182
417,1077,872,819,193
418,1110,1054,885,167
419,1031,914,791,170
420,1117,1012,868,170
421,1153,1059,854,167
422,1097,1046,1008,180
423,1078,1042,807,167
424,1142,1047,1021,190
425,1143,1030,922,172
426,946,835,656,170
427,1046,975,864,175
428,1027,911,812,177
429,1006,945,709,162
430,1139,1036,870,170
431,976,780,780,182
432,1004,909,734,172
433,1033,929,819,177
434,902,723,618,180
435,967,809,732,187
436,968,769,682,182
437,1021,955,910,185
438,990,799,795,187
439,1061,933,859,175
440,941,808,694,170
441,1240,1070,1075,182
442,942,753,657,172
443,958,803,690,175
444,998,863,700,175
445,1093,878,842,180
446,1073,850,949,190
447,915,815,715,177
448,1115,884,1010,193
449,934,826,700,175
450,1016,975,825,180
451,1018,865,810,182
452,1029,895,807,182
453,986,848,819,187
454,933,804,684,177
455,1010,918,904,190
456,1086,1060,906,167
457,1144,1075,1094,187
458,1067,1009,774,160
459,1098,1022,904,177
460,1163,999,992,185
461,1057,932,777,175
462,917,741,628,177
463,996,879,791,180
464,942,801,662,170
465,1034,973,868,185
466,1021,880,768,177
467,1093,1029,856,172
468,1191,1004,942,180
469,1007,865,799,175
470,1034,990,856,177
471,1068,988,899,177
472,1327,1183,1204,180
473,1000,820,744,180
474,1119,806,809,180
475,1002,844,732,177
476,992,917,778,172
477,875,725,603,182
478,993,839,724,180
479,1051,986,830,172
480,987,855,784,177
481,1018,877,663,162
482,1070,969,760,165
483,1044,930,937,185
484,1052,996,931,175
485,1067,923,756,170
486,1048,872,833,187
487,1007,858,757,152
488,1122,947,1008,195
489,1213,1081,1042,180
490,946,793,692,167
491,1144,1002,910,175
492,1113,1012,861,167
493,1097,970,835,167
494,1114,999,994,185
495,942,779,645,185
496,964,715,613,170
497,983,865,708,172
498,1124,1026,889,172
499,1057,990,836,172
500,1254,1130,1180,187
501,1034,975,859,170
502,1100,953,892,180
503,978,830,751,185
504,1071,917,778,175
505,1064,950,831,170
506,1005,880,749,172
507,894,715,630,180
508,1058,891,880,177
509,998,848,722,175
510,893,767,621,177
511,1012,860,750,182
512,1099,1069,969,177
513,1125,971,854,172
514,1080,981,907,177
515,1122,949,858,180
516,1079,1055,866,170
517,1115,980,927,180
518,1137,1009,910,175
519,1144,1018,942,182
520,1008,947,736,172
521,1002,899,666,162
522,986,805,784,172
523,1272,1189,1208,177
524,1128,1127,999,185
525,1097,951,804,172
526,1087,1003,951,182
527,1081,946,880,177
528,1036,864,757,180
529,1074,939,819,180
530,1174,1051,972,175
531,1153,1010,945,187
532,1133,947,912,175
533,1003,784,761,172
534,1114,1007,902,172
535,1044,873,813,190
536,1106,1056,1066,182
537,1011,918,782,175
538,1116,1031,1018,180
539,1003,867,818,185
540,1116,919,847,180
541,1200,997,1005,175
542,1090,1070,925,172
543,934,797,651,172
544,1083,938,867,182
545,1054,845,867,193
546,1068,945,914,177
547,1003,977,771,165
548,932,753,635,177
549,1071,1002,872,180
550,1107,1000,894,180
551,1028,881,866,182
552,1024,907,829,180
553,968,800,607,167
554,1161,1039,1029,193
555,999,816,681,172
556,1028,897,889,193
557,986,815,716,180
558,1059,961,816,177
559,1121,1022,885,180
560,1105,1000,863,175
561,1073,1025,942,175
562,1154,1007,958,177
563,941,777,625,175
564,914,845,772,182
565,947,799,722,182
566,1180,1098,975,170
567,1043,956,879,175
568,1199,1134,1071,165
569,996,926,872,172
570,1010,815,742,182
571,914,789,649,175
572,981,811,654,172
573,1057,958,871,177
574,1106,996,942,182
575,1055,983,837,177
576,993,803,745,180
577,1140,1038,1087,190
578,1172,1078,1019,175
579,1158,1035,906,177
580,1084,999,831,170
581,1094,1020,862,175
582,1150,1088,1014,187
583,1122,1014,926,177
584,1038,836,808,175
585,1153,1080,972,175
586,1067,1006,823,175
587,947,779,659,182
588,1049,950,878,175
589,1043,925,918,180
590,1232,1214,1114,177
591,956,801,740,180
592,1076,972,949,185
593,947,772,698,170
594,1096,988,968,182
595,1089,976,883,177
596,1083,983,982,185
597,1010,859,793,182
598,1139,1063,918,172
599,1079,1031,900,180
600,1174,1051,1009,175
601,899,748,625,185
602,1203,1136,1161,182
603,1009,775,683,172
604,961,740,652,180
605,1077,915,808,175
606,1163,1051,1034,175
607,1179,1207,1077,182
608,1016,802,737,180
609,1163,1116,959,185
610,1053,1042,867,185
611,1050,918,776,167
612,1105,1124,927,162
613,997,912,783,175
614,1103,1072,862,167
615,1098,1042,960,167
616,912,756,609,165
617,1181,1003,904,172
618,1031,886,803,180
619,1067,911,750,165
620,968,815,708,170
621,1033,891,803,180
622,909,765,681,185
623,1111,1041,840,172
624,1106,1054,929,175
625,1183,1152,975,172
626,1208,1107,1108,182
627,1010,908,801,175
628,1147,1018,866,170
629,1135,995,979,182
630,1309,1358,1164,177
631,1177,1067,977,175
632,981,845,793,175
633,1097,934,855,180
634,1016,901,818,187
635,1100,1091,921,172
636,1227,1100,1140,193
637,1156,1013,882,167
638,1019,895,878,180
639,1131,972,874,170
640,957,932,734,175
641,1174,1050,999,177
642,1121,1047,902,167
643,1060,975,882,175
644,1102,969,857,182
645,1033,999,862,185
646,1075,1002,841,167
647,1131,1071,1084,193
648,1068,890,816,182
649,1148,1071,914,170
650,1099,1056,930,172
651,1107,1021,897,172
652,1176,1104,982,175
653,1062,962,829,177
654,1036,886,771,167
655,1100,1000,903,177
656,1092,1013,880,177
657,1158,1112,1043,180
658,939,826,633,162
659,1142,1049,973,175
660,1050,970,797,180
661,973,820,720,177
662,927,778,659,187
663,1257,1165,1247,182
664,1075,960,821,170
665,1010,883,759,180
666,1029,888,774,175
667,1063,882,775,177
668,953,875,785,172
669,1008,821,753,218
670,1036,902,872,175
671,1018,954,918,195
672,1047,963,900,180
673,1048,943,825,182
674,1034,851,877,190
675,1011,907,860,187
676,1106,992,932,182
677,951,767,699,180
678,964,835,723,180
679,1011,851,704,172
680,967,864,837,185
681,988,887,795,177
682,1277,1287,1222,175
683,1120,1124,974,180
684,997,846,684,162
685,872,813,584,167
686,1108,1070,961,180
687,953,735,666,180
688,1086,1015,938,172
689,1090,895,776,175
690,1038,932,903,185
691,942,762,601,165
692,1022,884,732,167
693,1213,1070,1026,180
694,922,739,675,187
695,977,836,738,175
696,1168,1080,941,175
697,948,816,759,185
698,1007,904,887,195
699,977,756,650,193
700,990,808,742,190
701,975,845,756,180
702,1161,1075,1095,182
703,930,853,669,170
704,1213,1073,1045,203
705,1061,1018,817,172
706,1008,846,874,185
707,1015,856,691,172
708,1004,883,836,180
709,944,889,678,172
710,1083,985,950,175
711,1201,1086,915,162
712,1064,893,824,180
713,1011,911,816,172
714,1095,929,996,198
715,964,770,705,172
716,953,751,596,175
717,1052,970,899,172
718,1070,985,822,172
719,1041,958,799,170
720,1013,846,786,177
721,1088,952,766,167
722,968,775,667,180
723,1301,1168,1209,193
724,1009,915,778,175
725,1023,913,744,175
726,1136,1021,931,175
727,1147,995,882,177
728,1037,1016,846,172
729,1131,1027,961,175
730,1192,1080,1014,177
731,1111,958,854,172
732,1117,1028,905,177
733,1153,1097,990,177
734,1093,914,822,177
735,1063,1032,876,177
736,1112,1040,860,167
737,1150,984,858,170
738,1158,967,909,175
739,1158,1024,998,177
740,1073,1004,917,175
741,1084,908,788,172
742,1010,874,697,170
743,1069,901,806,175
744,1056,924,861,180
745,1217,1100,1082,180
746,1133,983,949,185
747,1135,995,993,185
748,1184,1074,995,187
749,1186,1091,1018,175
750,1067,970,739,167
751,1121,1015,901,170
752,1114,934,971,182
753,1105,960,897,180
754,1028,910,780,177
755,1158,1121,991,177
756,1097,986,872,175
757,1115,974,946,180
758,1120,1036,909,175
759,990,887,717,180
760,1025,960,732,167
761,1191,1021,1075,180
762,1054,925,813,177
763,1165,1048,949,180
764,1080,972,846,172
765,1010,909,795,182
766,1089,917,844,172
767,983,874,747,180
768,1068,972,736,172
769,1067,955,862,177
770,1092,914,784,175
771,1099,996,1014,180
772,1003,868,716,167
773,991,855,796,177
774,1137,1023,945,182
775,1058,947,858,187
776,1152,1017,867,157
777,1067,991,871,180
778,1181,975,952,175
779,988,939,800,177
780,1113,993,1054,187
781,1103,963,848,180
782,1160,975,895,180
783,1069,955,817,175
784,1122,1006,903,175
785,1224,1133,1223,193
786,1086,993,925,180
787,1217,1083,1056,182
788,1233,1126,914,165
789,1121,1027,963,187
790,1050,828,791,175
791,1157,974,1083,180
792,1151,1069,974,172
793,1097,981,846,170
794,1137,1038,1074,182
795,1090,1016,759,160
796,1184,1098,1129,190
797,1048,934,933,180
798,1143,1070,1040,187
799,1061,1001,914,177
800,1161,1072,1107,185
801,1153,962,959,177
802,1087,991,1064,198
803,1020,933,788,172
804,1037,999,900,187
805,1113,1028,903,177
806,1064,927,809,172
807,1093,1012,872,180
808,1102,1010,893,172
809,1109,1022,934,180
810,1106,891,888,187
811,1086,904,891,180
812,1063,922,954,180
813,1129,1039,958,175
814,1037,927,812,180
815,1207,1130,1024,177
816,1073,999,846,177
817,1136,920,893,167
818,1042,944,784,175
819,1125,1038,1014,193
820,1047,948,801,172
821,1150,1060,1003,182
822,1048,933,871,180
823,1146,985,928,185
824,1090,895,809,175
825,1196,1130,1171,190
826,1078,931,882,170
827,1012,919,749,170
828,1127,1025,957,182
829,990,903,881,187
830,956,909,710,182
831,1053,961,788,172
832,1059,983,844,172
833,1103,1027,895,172
834,1077,1022,931,182
835,1117,962,904,172
836,1183,1082,1061,185
837,1049,970,858,177
838,1147,1065,858,165
839,1059,896,909,177
840,1130,984,939,172
841,1193,1082,1097,180
842,977,827,669,172
843,1072,913,856,177
844,1098,1010,964,180
845,951,816,759,177
846,1027,944,818,180
847,1090,1011,885,175
848,1163,1058,1046,187
849,1045,954,905,187
850,1056,985,856,180
851,1078,954,893,177
852,1022,935,827,180
853,1165,1143,1012,180
854,1040,970,832,175
855,1142,1068,942,177
856,1226,1044,966,167
857,1126,1044,1036,182
858,1044,888,788,177
859,1094,893,873,180
860,1118,948,926,182
861,1026,952,846,180
862,1060,924,878,185
863,1084,992,808,177
864,1099,994,816,172
865,1054,991,895,187
866,1070,928,882,180
867,1101,977,890,177
868,1103,1052,1015,180
869,1009,921,895,238
870,1015,889,795,177
871,1117,1020,915,187
872,1033,931,734,175
873,1206,1138,1087,180
874,1113,1063,959,177
875,1069,932,743,165
876,1048,972,837,175
877,1038,941,791,177
878,1125,1001,851,175
879,1028,905,802,182
880,1140,1079,958,182
881,1043,900,828,172
882,1022,961,779,172
883,1077,915,833,177
884,879,720,578,167
885,1178,1060,1055,177
886,1076,980,898,182
887,1114,958,937,185
888,1143,1054,887,172
889,1057,914,797,180
890,1149,1021,1001,182
891,978,861,827,190
892,1076,1046,771,162
893,1089,981,844,167
894,1160,1050,953,187
895,1012,947,779,185
896,961,930,713,177
897,1186,1094,1064,172
898,1137,1099,944,177
899,999,908,810,180
900,1027,952,808,177
901,1076,922,826,172
902,997,966,663,154
903,1007,823,725,175
904,1003,920,766,177
905,1027,956,766,170
906,1143,1051,1047,180
907,1009,878,727,177
908,1052,976,797,172
909,1272,1013,950,172
910,1094,969,874,170
911,1134,996,914,167
912,1135,1041,852,165
913,983,838,782,182
914,1073,947,762,170
915,1125,1043,908,172
916,1021,851,767,177
917,1042,1004,859,170
918,1148,1043,1067,185
919,1092,982,849,170
920,922,840,700,185
921,899,827,657,175
922,1087,951,845,170
923,1166,1047,987,177
924,1047,1001,857,177
925,1148,1086,1045,177
926,1051,1059,893,175
927,1132,978,1032,190
928,1069,957,894,175
929,907,773,666,175
930,1163,936,890,175
931,1243,1112,1056,172
932,1074,941,843,177
933,993,867,746,165
934,940,766,597,167
935,1024,946,826,180
936,1151,951,907,180
937,1133,930,877,175
938,1017,822,685,170
939,1027,908,767,172
940,1219,1082,1081,182
941,1043,898,772,170
942,1042,909,829,180
943,1051,1010,857,175
944,1009,860,691,167
945,1072,938,806,175
946,1011,875,737,177
947,1023,836,775,180
948,1152,1155,1006,172
949,1036,1007,860,182
950,872,778,597,167
951,1167,1129,979,175
952,995,880,897,200
953,1168,1034,1016,172
954,1213,1036,1119,190
955,949,815,711,187
956,1157,1008,1057,185
957,1035,924,828,185
958,1037,939,851,175
959,1099,1030,1047,195
960,1038,909,781,167
961,1066,995,984,180
962,1048,876,761,170
963,1003,933,764,162
964,1137,1105,970,162
965,1142,997,868,170
966,1046,955,801,175
967,1067,1026,861,172
968,1096,958,794,175
969,1167,1115,1051,177
970,1026,838,848,182
971,964,801,630,177
972,1317,1263,1344,187
973,1136,1008,974,180
974,967,855,804,193
975,1015,943,838,182
976,1242,1211,1262,195
977,1214,1139,1156,182
978,1168,1119,1053,187
979,928,818,678,175
980,1144,1022,957,180
981,976,793,703,172
982,890,777,657,180
983,1072,967,895,185
984,1008,830,758,175
985,1072,1027,906,182
986,937,821,720,177
987,1106,1150,1048,182
988,1201,1206,1161,180
989,1052,898,866,185
990,922,761,601,170
991,1164,1159,1120,180
992,979,898,762,177
993,1299,1159,1278,182
994,855,709,529,172
995,1121,1005,918,177
996,1002,876,830,180
997,1213,1042,1053,182
998,1100,1022,899,182
999,1047,934,849,187
1000,1106,917,823,182
1001,952,800,659,172
1002,1045,972,788,175
1003,996,859,787,185
1004,1077,977,954,182
1005,1129,993,970,185
1006,1154,1048,1052,187
1007,993,841,649,170
1008,1219,1034,1024,190
1009,1006,942,774,177
1010,1116,872,891,187
1011,962,808,701,187
1012,1145,1047,953,177
1013,1189,1124,1029,175
1014,931,856,717,177
1015,1143,1106,1134,193
1016,1108,945,924,187
1017,1133,1037,975,185
1018,1015,889,754,167
1019,991,931,826,170
1020,1121,1023,931,170
1021,1153,1184,1112,175
1022,1062,876,808,170
1023,1053,835,811,170
1024,1069,990,962,182
1025,1098,1009,1003,190
1026,1125,1089,999,177
1027,1147,1066,1003,182
1028,1046,958,773,170
1029,1006,813,782,182
1030,1064,868,956,187
1031,897,757,660,177
1032,1218,1108,1087,187
1033,1159,1080,1107,187
1034,1068,1054,935,172
1035,1031,884,848,182
1036,1116,1007,963,180
1037,922,746,646,172
1038,1063,1071,1026,187
1039,1048,982,884,180
1040,939,795,674,170
1041,1018,961,823,170
1042,978,830,730,180
1043,1093,988,889,172
1044,1026,897,771,167
1045,920,790,699,177
1046,993,855,831,193
1047,1213,1116,1163,190
1048,1124,1077,986,182
1049,1255,1185,1325,195
1050,1193,1055,1048,187
1051,1026,961,824,175
1052,943,782,650,172
1053,1042,1008,961,190
1054,1115,961,979,182
1055,848,687,540,170
1056,892,763,608,167
1057,996,887,739,175
1058,1114,1018,1044,185
1059,774,648,393,160
1060,1113,987,897,180
1061,1182,1113,1258,185
1062,988,809,816,187
1063,993,846,734,177
1064,1145,1008,875,167
1065,1012,846,753,185
1066,1052,880,819,185
1067,1089,950,852,177
1068,944,762,655,182
1069,1144,956,997,175
1070,1033,869,861,185
1071,912,755,593,172
1072,1174,1054,1019,182
1073,1056,847,795,180
1074,935,775,709,182
1075,1011,796,783,180
1076,951,803,727,175
1077,1089,898,867,185
1078,1083,1056,991,187
1079,1055,878,828,180
1080,1086,902,840,182
1081,1009,883,823,172
1082,971,866,708,165
1083,954,757,670,182
1084,980,853,703,180
1085,1119,1025,902,172
1086,912,813,600,170
1087,1150,1015,910,175
1088,1104,998,912,177
1089,1097,1064,837,162
1090,980,971,820,180
1091,1215,1136,1155,185
1092,890,731,579,175
1093,1075,969,935,172
1094,1084,879,864,180
1095,926,753,558,167
1096,1109,964,985,185
1097,1161,1020,972,172
1098,1058,882,934,182
1099,1042,1005,857,165
1100,1022,938,856,187
1101,851,757,634,177
1102,1118,1016,883,185
1103,895,743,591,180
1104,1197,971,958,175
1105,957,842,698,170
1106,977,902,742,175
1107,1026,902,799,175
1108,1195,1229,1099,180
1109,1093,997,873,172
1110,926,846,658,172
1111,1106,908,983,175
1112,922,778,638,177
1113,1244,1356,1298,182
1114,1003,909,746,170
1115,1041,877,804,177
1116,991,836,773,177
1117,1154,1013,980,177
1118,1001,864,796,177
1119,1078,1004,1062,187
1120,1056,933,790,172
1121,1096,995,1001,193
1122,1022,911,846,182
1123,918,834,741,187
1124,865,766,591,167
1125,1059,924,822,177
1126,912,758,643,175
1127,1051,921,878,182
1128,1012,894,799,177
1129,1077,880,811,167
1130,1191,1112,1096,180
1131,958,798,689,172
1132,1008,900,827,177
1133,1031,914,883,187
1134,1117,1001,898,182
1135,1224,1155,1128,170
1136,1182,1049,949,180
1137,1023,813,765,175
1138,1170,1113,1059,177
1139,917,758,557,167
1140,1082,1014,910,172
1141,1113,1061,852,170
1142,1099,1045,903,172
1143,1116,1055,956,172
1144,1157,956,875,180
1145,1173,993,1046,187
1146,1063,928,859,182
1147,1057,910,784,177
1148,970,833,748,187
1149,1223,1067,1036,180
1150,1065,902,828,177
1151,1092,975,857,182
1152,966,887,745,167
1153,1090,965,871,172
1154,1022,804,735,172
1155,1035,940,783,180
1156,1126,999,903,177
1157,973,819,642,170
1158,1020,947,824,170
1159,992,867,690,167
1160,1040,872,769,170
1161,1079,956,881,177
1162,1064,933,862,182
1163,988,913,807,187
1164,1213,1070,924,170
1165,1104,1060,1015,182
1166,1123,1111,1102,185
1167,1011,897,771,180
1168,1095,1038,995,172
1169,946,766,635,177
1170,1140,987,1056,185
1171,1297,1068,1092,185
1172,1042,855,731,175
1173,1041,961,834,177
1174,1008,835,737,167
1175,1017,834,803,177
1176,1028,857,832,182
1177,936,798,661,167
1178,1161,1012,1029,185
1179,1178,1095,1081,187
1180,1072,1023,1034,182
1181,1068,937,813,182
1182,979,840,696,175
1183,1051,971,817,172
1184,1049,963,919,180
1185,1179,1222,1070,182
1186,1137,1171,1061,185
1187,958,894,755,167
1188,1077,994,862,177
1189,1061,1034,804,170
1190,1115,1066,965,180
1191,1052,1031,880,175
1192,1194,1052,1053,193
1193,1005,861,708,170
1194,1312,1140,1254,193
1195,1050,896,758,175
1196,1117,1008,863,170
1197,1017,832,761,175
1198,1104,1089,947,182
1199,967,796,683,172
1200,1075,956,812,170
1201,1054,966,854,180
1202,1137,1050,974,187
1203,1083,1055,968,185
1204,962,859,717,172
1205,1011,966,821,177
1206,1188,1036,1008,172
1207,1140,1054,1004,187
1208,1038,968,855,175
1209,1014,945,832,190
1210,1190,1068,1114,195
1211,1061,1014,814,170
1212,1134,1001,881,180
1213,1142,1065,919,172
1214,1202,1194,1179,180
1215,1176,1170,1035,175
1216,1261,1182,1213,177
1217,968,895,681,167
1218,1170,1076,1051,182
1219,961,804,658,172
1220,1113,1012,956,185
1221,1061,1022,867,175
1222,1183,1114,1038,182
1223,962,885,813,182
1224,1157,1084,978,180
1225,1062,1000,764,167
1226,1143,1073,972,175
1227,1122,991,934,167
1228,1108,1035,962,182
1229,1071,947,840,175
1230,1108,981,895,177
1231,1149,1051,919,172
1232,1073,1023,929,180
1233,1274,1137,1198,185
1234,1046,889,752,175
1235,1168,1002,954,182
1236,1158,1074,1093,187
1237,1151,1080,1057,187
1238,1171,1132,1025,167
1239,1059,1026,865,177
1240,1129,1062,997,182
1241,1209,1087,972,172
1242,1194,1004,1137,190
1243,1088,961,845,182
1244,982,882,771,177
1245,1044,1023,843,182
1246,1052,1069,878,167
1247,1171,1180,1019,175
1248,1098,990,870,175
1249,994,904,760,170
1250,1081,1033,864,172
1251,1102,1007,946,177
1252,1187,1011,1011,180
1253,1111,979,873,177
1254,981,840,730,182
1255,999,870,711,177
1256,1176,1058,990,177
1257,1160,1063,1001,177
1258,959,962,701,162
1259,1168,1153,1125,187
1260,1008,829,699,177
1261,1027,895,765,205
1262,1155,1106,1007,180
1263,1204,1101,1034,180
1264,1166,1065,1032,175
1265,941,838,656,167
1266,1127,983,921,172
1267,1251,1163,1052,175
1268,968,826,632,172
1269,941,782,671,185
1270,1141,1039,1026,187
1271,1150,1090,974,167
1272,987,909,752,175
1273,1090,1035,856,172
1274,922,847,724,182
1275,1053,981,874,182
1276,1136,1046,995,180
1277,1164,1025,946,182
1278,1043,1067,1039,190
1279,1088,989,932,175
1280,1053,936,759,170
1281,1064,886,853,187
1282,1164,994,1032,182
1283,1119,1104,1078,182
1284,1055,1027,962,177
1285,1142,1087,961,172
1286,982,864,762,182
1287,997,815,712,180
1288,1082,924,786,172
1289,1112,905,818,172
1290,932,918,760,182
1291,1109,1013,952,185
1292,1053,974,764,170
1293,1166,1108,1001,180
1294,973,815,758,177
1295,1117,1032,921,185
1296,1076,925,845,172
1297,1142,1000,928,177
1298,1140,1014,913,172
1299,1114,1009,966,170
1300,1041,948,798,167
1301,1152,885,915,182
1302,1106,977,955,182
1303,1213,1185,1146,182
1304,1277,1146,1142,182
1305,977,857,698,177
1306,1062,993,951,187
1307,1147,1168,1021,182
1308,1090,953,836,177
1309,1145,1142,1081,182
1310,1071,990,845,172
1311,1079,935,911,182
1312,1130,1068,974,185
1313,1137,965,909,177
1314,1071,915,867,185
1315,912,793,594,167
1316,1042,984,892,182
1317,1049,915,879,180
1318,1108,1035,1007,182
1319,1142,1041,1016,185
1320,1153,1038,969,177
1321,1206,1017,1047,180
1322,1182,1032,1100,182
1323,1261,1187,1192,187
1324,984,939,809,187
1325,1022,846,787,180
1326,945,771,744,187
1327,1302,1260,1256,180
1328,1099,995,997,187
1329,907,827,632,162
1330,1077,935,829,185
1331,1065,992,822,175
1332,951,798,714,190
1333,1130,1020,927,175
1334,939,900,746,182
1335,1228,1136,1083,175
1336,1032,924,800,182
1337,1118,1033,940,180
1338,951,873,695,177
1339,1207,1071,1105,185
1340,1100,980,850,172
1341,1207,1032,936,175
1342,1026,828,841,187
1343,1089,964,855,182
1344,1277,1192,1183,182
1345,1093,1050,847,177
1346,1086,951,817,167
1347,1075,910,850,180
1348,987,907,789,175
1349,1147,1105,1045,185
1350,1048,905,804,175
1351,1088,1004,899,170
1352,979,842,727,172
1353,1199,1107,1041,177
1354,1117,979,908,177
1355,1007,889,811,177
1356,1027,900,710,167
1357,1114,959,953,175
1358,1102,900,840,180
1359,907,800,646,170
1360,1023,923,863,187
1361,1076,1050,812,167
1362,1112,1052,915,172
1363,1251,1156,1108,185
1364,977,836,710,170
1365,1223,1095,1067,180
1366,1133,1132,966,175
1367,1283,1179,1158,182
1368,1133,1057,968,180
1369,1048,869,772,170
1370,847,757,694,198
1371,1034,912,817,177
1372,993,917,793,175
1373,1128,952,970,180
1374,1009,900,813,182
1375,1034,923,852,180
1376,1232,1044,1139,177
1377,1002,866,747,172
1378,1054,981,972,185
1379,1040,925,822,175
1380,1143,997,963,180
1381,1074,951,779,187
1382,881,698,594,167
1383,1076,897,847,177
1384,925,885,691,167
1385,1047,946,741,172
1386,968,813,704,177
1387,1113,984,877,180
1388,1152,1066,964,177
1389,1034,979,927,182
1390,1053,960,946,175
1391,1083,939,972,180
1392,947,819,730,180
1393,1059,1019,833,170
1394,1095,1005,895,170
1395,1089,1026,1052,185
1396,1095,991,863,172
1397,1119,902,926,187
1398,977,814,716,162
1399,1154,1040,1032,190
1400,1064,973,870,175
1401,1196,1262,1199,180
1402,1142,1037,930,187
1403,1037,855,733,170
1404,1019,901,829,182
1405,1182,1156,1028,172
1406,1065,950,869,180
1407,1134,1129,1015,180
1408,1001,966,827,175
1409,1082,1011,954,180
1410,1104,989,940,180
1411,904,800,598,167
1412,1139,1013,889,167
1413,973,879,734,177
1414,1032,1008,799,162
1415,923,775,657,172
1416,961,884,779,180
1417,1159,1035,995,177
1418,998,822,664,165
1419,1107,1023,910,170
1420,1182,988,1013,177
1421,1013,904,804,175
1422,1011,945,815,180
1423,1172,1083,1034,177
1424,838,783,587,172
1425,1018,954,809,180
1426,1043,916,787,177
1427,1098,1067,867,170
1428,956,840,674,170
1429,936,841,631,170
1430,1047,1055,910,177
1431,968,801,616,167
1432,1216,1217,1121,182
1433,1151,1194,1020,182
1434,1141,1146,976,175
1435,1020,990,838,170
1436,1165,1135,1066,187
1437,1121,1113,1029,182
1438,1012,852,705,175
1439,1165,1146,1083,185
1440,862,784,575,165
1441,967,840,808,185
1442,1066,970,916,180
1443,992,912,766,190
1444,1372,1300,1429,190
1445,1178,1067,943,177
1446,1043,885,817,175
1447,989,830,701,175
1448,880,728,523,160
1449,1031,911,775,175
1450,939,822,687,182
1451,942,846,703,167
1452,1194,1181,1167,187
1453,1026,857,620,162
1454,1156,940,990,175
1455,1134,952,1099,193
1456,1157,1025,1012,187
1457,1159,928,875,185
1458,1048,894,778,172
1459,1164,975,894,180
1460,904,802,678,177
1461,1043,885,818,180
1462,1135,922,881,190
1463,1172,1035,1047,180
1464,1127,1080,1009,190
1465,1165,984,956,180
1466,928,795,689,167
1467,1112,952,909,172
1468,1207,1122,1159,172
1469,1043,913,822,175
1470,971,780,698,182
1471,1018,834,846,185
1472,889,803,656,175
1473,1113,1037,892,172
1474,914,775,659,165
1475,950,862,662,167
1476,1025,936,858,182
1477,1069,873,867,177
1478,1038,961,834,170
1479,1139,1030,1009,172
1480,993,944,796,167
1481,993,867,804,172
1482,1132,932,947,180
1483,1032,890,826,180
1484,1101,1011,995,185
1485,1065,952,922,177
1486,960,859,639,154
1487,949,813,720,182
1488,1017,887,771,170
1489,1028,946,800,170
1490,1098,944,782,162
1491,940,862,734,177
1492,1207,1185,1103,167
1493,1168,1072,1054,180
1494,1074,1015,851,172
1495,1123,952,959,185
1496,992,908,798,177
1497,1042,864,843,185
1498,1081,938,914,185
1499,971,791,686,180
1500,1083,880,889,182
1501,1037,914,758,172
1502,1000,805,777,182
1503,1073,1029,986,187
1504,1013,820,751,177
1505,1021,923,809,177
1506,1062,920,960,195
1507,1104,1011,970,190
1508,1101,952,846,172
1509,991,945,819,180
1510,1074,967,963,185
1511,1107,1015,920,180
1512,1032,892,827,172
1513,994,866,811,177
1514,1073,1034,878,175
1515,896,761,579,167
1516,1122,924,967,182
1517,1076,987,982,185
1518,1180,1034,1001,180
1519,1014,933,784,170
1520,1032,917,858,187
1521,1097,1021,933,175
1522,1061,812,675,165
1523,977,800,668,172
1524,975,883,802,167
1525,1013,940,804,175
1526,1072,992,925,182
1527,1049,816,778,167
1528,1147,1088,1057,182
1529,1073,978,901,180
1530,985,837,772,182
1531,1113,904,904,187
1532,1091,980,901,185
1533,1157,1049,961,152
1534,1143,962,1017,190
1535,1038,966,897,182
1536,1116,1073,916,180
1537,1026,874,744,182
1538,1039,815,828,190
1539,1011,900,806,182
1540,969,841,841,182
1541,1002,946,794,170
1542,1097,1087,992,182
1543,1181,1079,1063,187
1544,999,906,749,170
1545,1011,907,804,177
1546,1041,902,726,172
1547,1010,899,756,177
1548,1037,892,783,175
1549,933,850,639,162
1550,908,792,643,167
1551,1034,934,846,175
1552,1026,1074,920,182
1553,1017,880,740,165
1554,1112,1006,916,182
1555,1161,1103,1051,193
1556,1072,931,754,172
1557,1146,1065,956,180
1558,943,801,684,175
1559,1006,962,726,170
1560,1021,928,721,160
1561,1096,964,962,185
1562,929,766,650,172
1563,1144,1022,967,182
1564,1143,1061,975,172
1565,1182,1051,992,180
1566,1043,942,798,167
1567,1111,1087,1017,185
1568,1237,1136,1082,175
1569,1119,1025,1077,187
1570,1258,1136,1292,190
1571,938,864,661,175
1572,985,831,728,175
1573,985,842,657,170
1574,961,900,792,190
1575,1046,947,781,165
1576,1213,1137,1145,177
1577,1203,1097,1151,187
1578,1114,947,916,180
1579,1158,1040,1044,182
1580,952,748,664,165
1581,1095,1026,884,172
1582,1088,971,866,167
1583,1086,976,912,175
1584,1008,919,802,175
1585,1046,910,796,170
1586,968,906,717,175
1587,1021,836,821,190
1588,1116,1022,916,180
1589,1025,895,809,182
1590,1213,1080,997,175
1591,1082,916,895,187
1592,1143,1084,919,167
1593,1121,975,963,195
1594,975,847,820,177
1595,919,808,719,180
1596,1038,868,828,175
1597,926,837,683,177
1598,1036,960,828,172
1599,877,774,628,177
1600,1105,1004,894,180
1601,1061,1077,928,177
1602,948,701,555,167
1603,990,892,618,160
1604,1074,942,834,172
1605,1018,800,806,182
1606,1069,1064,955,187
1607,1174,1109,1041,175
1608,1141,1034,1012,177
1609,1291,1308,1345,182
1610,1131,1057,937,172
1611,1000,844,751,182
1612,1011,909,808,175
1613,974,808,764,185
1614,1192,1115,1027,175
1615,1034,859,879,182
1616,1046,990,874,172
1617,1105,965,1008,187
1618,1024,828,714,162
1619,1005,832,702,180
1620,1134,1002,927,180
1621,1052,900,806,180
1622,1171,1030,944,180
1623,1019,895,857,193
1624,943,788,638,180
1625,1035,892,736,165
1626,988,907,769,172
1627,1197,1077,927,167
1628,1128,994,937,180
1629,1132,1032,940,175
1630,1095,1037,1060,182
1631,1054,842,799,177
1632,1082,995,954,187
1633,1267,1115,1103,185
1634,1131,1014,974,185
1635,1248,1142,1180,182
1636,1032,905,760,165
1637,1167,1082,997,177
1638,1114,1016,918,175
1639,1054,967,870,175
1640,1096,915,873,177
1641,1005,879,717,175
1642,1170,1043,992,180
1643,987,887,779,167
1644,1257,1152,1193,182
1645,1031,938,803,175
1646,1058,963,916,182
1647,1077,992,908,190
1648,1095,999,861,175
1649,1205,1097,1011,180
1650,1035,865,769,182
1651,912,791,630,175
1652,1114,1073,984,177
1653,1034,907,835,185
1654,936,798,651,175
1655,1223,1108,1115,180
1656,1019,975,780,170
1657,1059,992,891,180
1658,1088,1040,920,172
1659,998,857,741,185
1660,1198,1197,1161,185
1661,1023,961,902,187
1662,989,879,710,162
1663,944,770,704,175
1664,932,763,653,177
1665,922,789,646,180
1666,1083,975,823,170
1667,1008,862,655,165
1668,1128,974,921,177
1669,1013,804,741,190
1670,1009,838,737,177
1671,1197,986,1035,182
1672,1054,890,811,180
1673,1182,1125,1253,193
1674,1109,963,821,172
1675,1000,826,695,165
1676,1257,1118,1176,190
1677,1047,917,796,170
1678,1023,939,761,167
1679,995,799,701,180
1680,1029,935,824,175
1681,1123,1081,953,170
1682,931,821,610,170
1683,1088,1050,972,175
1684,1113,1057,881,172
1685,1026,874,749,172
1686,1107,1056,998,193
1687,1138,1047,939,172
1688,1253,1062,1030,170
1689,1260,1195,1194,180
1690,1134,1048,886,175
1691,1031,969,908,182
1692,1116,1040,1040,190
1693,1024,863,831,182
1694,1243,1181,1240,187
1695,1075,882,697,175
1696,980,809,757,175
1697,1190,1023,932,167
1698,1017,848,735,172
1699,1239,1136,1116,172
1700,1119,984,920,177
1701,939,820,700,185
1702,1094,1002,906,177
1703,1196,1023,1025,187
1704,1219,1114,1099,180
1705,1008,894,765,172
1706,1146,1077,990,172
1707,1016,880,780,165
1708,1074,992,825,167
1709,1147,1063,1028,185
1710,1092,1014,958,185
1711,1096,994,918,177
1712,1260,1148,1127,187
1713,976,859,781,175
1714,906,790,634,172
1715,1172,1081,998,175
1716,947,781,647,167
1717,949,810,690,172
1718,1063,865,835,177
1719,962,843,661,172
1720,994,895,844,180
1721,1026,914,839,175
1722,1285,1265,1371,195
1723,1023,990,888,180
1724,952,868,647,172
1725,931,852,719,185
1726,1062,875,827,180
1727,1058,961,903,185
1728,1165,1055,1057,182
1729,1204,1144,1162,182
1730,1048,1006,860,175
1731,1199,1049,963,172
1732,1135,1108,1045,185
1733,1108,1021,882,167
1734,1037,877,874,172
1735,1289,1147,1225,190
1736,991,831,723,167
1737,949,843,773,185
1738,1072,1017,786,170
1739,1085,965,972,182
1740,1141,1016,1052,182
1741,1063,875,855,180
1742,1117,1051,982,182
1743,922,790,694,182
1744,1143,1050,968,165
1745,1032,947,821,167
1746,1029,994,910,177
1747,1119,1058,940,175
1748,1084,960,1041,187
1749,1143,1060,996,182
1750,1156,950,996,182
1751,990,768,705,175
1752,978,853,670,172
1753,1128,1041,1073,180
1754,1151,1030,961,172
1755,887,731,599,170
1756,1074,958,859,177
1757,1114,1062,971,185
1758,1085,1000,906,180
1759,925,840,721,182
1760,1142,1031,981,185
1761,1116,956,886,185
1762,993,768,689,175
1763,1034,895,818,185
1764,1153,1146,952,172
1765,1069,907,882,187
1766,1140,917,905,165
1767,1106,1023,941,172
1768,904,771,670,185
1769,1054,973,848,177
1770,1020,924,833,167
1771,1005,918,861,185
1772,1076,971,832,177
1773,1038,932,848,175
1774,1047,938,972,195
1775,938,830,847,193
1776,1078,1010,977,172
1777,1275,1177,1195,180
1778,936,733,585,167
1779,1194,1013,1144,187
1780,1127,1097,975,175
1781,1022,867,775,177
1782,1018,948,897,187
1783,1117,1045,938,177
1784,1237,1060,1106,190
1785,1027,932,894,182
1786,1082,1059,1011,195
1787,1167,1162,1180,193
1788,978,912,791,182
1789,1241,1238,1273,177
1790,1095,995,854,167
1791,1079,932,768,172
1792,1042,950,837,182
1793,1028,975,859,180
1794,1101,1113,940,177
1795,1124,946,966,182
1796,959,823,653,170
1797,1006,862,773,182
1798,1327,1211,1235,177
1799,1011,855,842,190
1800,1114,970,1012,185
1801,1000,855,775,175
1802,1167,1012,940,177
1803,1088,1057,958,175
1804,1062,974,760,170
1805,1123,974,906,175
1806,1090,1004,973,182
1807,1226,1120,1129,190
1808,1108,940,895,180
1809,922,825,640,175
1810,1031,881,745,170
1811,1095,794,823,182
1812,1067,1016,882,170
1813,935,761,582,170
1814,1169,1137,1026,182
1815,1016,875,825,180
1816,981,874,722,180
1817,1104,988,896,182
1818,908,687,572,180
1819,1146,973,958,177
1820,997,882,808,185
1821,1032,908,824,187
1822,977,832,761,175
1823,1016,900,887,180
1824,942,796,682,172
1825,1232,1091,1025,170
1826,1037,960,860,190
1827,933,813,645,172
1828,987,842,743,175
1829,972,907,825,180
1830,957,838,688,177
1831,1057,978,889,190
1832,1145,1110,1007,177
1833,1023,956,846,190
1834,1076,1036,892,187
1835,986,917,773,172
1836,1136,983,1005,185
1837,1069,993,875,172
1838,926,769,650,180
1839,922,746,611,177
1840,988,880,721,165
1841,981,827,592,160
1842,1224,1110,1186,190
1843,886,771,613,172
1844,1123,1016,901,175
1845,1065,957,832,172
1846,1126,912,895,172
1847,906,785,670,185
1848,1137,1075,1016,185
1849,1018,910,833,185
1850,1207,1056,1051,185
1851,988,827,704,172
1852,1064,963,836,175
1853,936,797,682,177
1854,985,843,775,182
1855,1128,966,851,175
1856,1008,875,817,177
1857,1141,991,922,185
1858,1094,1033,883,180
1859,1043,995,761,177
1860,1035,872,806,180
1861,1100,960,918,182
1862,1118,1065,888,165
1863,962,812,686,180
1864,941,781,720,175
1865,1098,1064,920,175
1866,968,767,698,177
1867,993,1019,828,175
1868,1092,1015,997,180
1869,1039,841,880,187
1870,1056,914,856,182
1871,922,786,634,177
1872,988,807,677,175
1873,1027,899,842,175
1874,981,812,658,162
1875,1023,910,724,170
1876,1064,967,903,185
1877,1093,1010,863,177
1878,1034,955,778,170
1879,1020,948,801,180
1880,1224,1122,1197,190
1881,1077,973,897,185
1882,958,857,763,177
1883,939,840,753,180
1884,1141,993,956,175
1885,918,830,583,167
1886,1112,1041,919,177
1887,1005,829,813,182
1888,1042,796,745,170
1889,930,802,634,175
1890,1000,938,821,175
1891,866,742,565,167
1892,1124,1037,945,175
1893,1072,958,873,182
1894,1107,1063,995,182
1895,1131,942,926,185
1896,923,773,694,185
1897,892,729,578,170
1898,1012,955,816,185
1899,1021,861,875,185
1900,1107,989,952,177
1901,1061,960,900,185
1902,1070,929,910,182
1903,1280,1135,1258,190
1904,1146,1088,1031,177
1905,994,859,729,182
1906,1108,1008,864,170
1907,1146,1022,976,182
1908,1029,871,765,172
1909,1046,930,795,170
1910,988,814,737,170
1911,971,874,722,175
1912,1018,894,841,187
1913,1197,1194,1130,180
1914,1148,1143,1110,182
1915,1187,1119,1083,182
1916,963,877,789,182
1917,1011,926,812,175
1918,1143,1116,1063,180
1919,973,891,695,175
1920,1127,1085,902,182
1921,1249,1270,1189,190
1922,1162,1171,1251,193
1923,856,742,600,167
1924,1285,1306,1337,195
1925,1102,1030,1012,185
1926,1041,1032,920,177
1927,1108,1116,1044,152
1928,1107,1041,884,170
1929,1005,807,767,182
1930,1170,1070,951,177
1931,978,839,771,175
1932,1088,989,819,165
1933,1146,1046,970,175
1934,997,851,734,172
1935,1195,1059,1074,185
1936,1154,1012,893,175
1937,1063,960,801,175
1938,1183,988,1020,185
1939,1164,1082,951,177
1940,861,745,587,172
1941,1141,878,888,177
1942,1056,984,921,180
1943,1119,828,761,175
1944,1060,996,802,175
1945,1066,997,876,170
1946,1172,1061,1052,185
1947,1062,929,844,175
1948,1076,933,931,187
1949,1117,992,857,172
1950,1025,940,846,172
1951,990,848,749,175
1952,946,819,756,177
1953,1102,963,916,177
1954,1034,948,892,180
1955,1153,1080,1127,198
1956,1141,1012,983,187
1957,938,940,682,170
1958,975,851,672,170
1959,1141,1030,933,177
1960,968,852,744,185
1961,1136,992,889,172
1962,1012,811,684,167
1963,1091,960,869,175
1964,1217,1123,1076,170
1965,1106,1073,873,157
1966,1022,885,830,175
1967,1152,1120,1072,193
1968,964,848,665,170
1969,1202,1221,1160,187
1970,1162,1091,974,167
1971,918,787,699,177
1972,1147,1041,1003,193
1973,973,944,768,172
1974,1118,1027,882,177
1975,1161,1083,980,172
1976,1115,1047,919,175
1977,1068,1005,896,180
1978,962,937,814,187
1979,1122,1027,902,177
1980,1107,1128,1046,180
1981,989,790,639,157
1982,966,796,633,203
1983,1217,1160,1082,177
1984,995,834,752,175
1985,1080,1003,925,182
1986,1023,859,830,185
1987,1108,925,822,180
1988,980,855,737,177
1989,1093,1057,927,175
1990,1057,1000,890,175
1991,939,812,662,175
1992,914,795,616,170
1993,1083,991,851,167
1994,1182,1116,1028,175
1995,1146,1025,990,185
1996,1213,1102,1074,187
1997,1216,1180,1122,175
1998,1031,895,805,175
1999,968,811,691,170
2000,1074,978,842,175
2001,1066,963,849,187
2002,1002,800,664,172
2003,913,692,585,165
2004,1046,1010,809,172
2005,1081,921,871,177
2006,1284,1222,1189,182
2007,1194,1086,1029,177
2008,1158,1075,1026,180
2009,1086,1011,940,177
2010,1103,996,944,182
2011,1037,890,856,182
2012,1147,1016,1000,185
2013,1047,970,883,190
2014,1164,1066,1005,185
2015,1139,1115,938,167
2016,1022,918,804,180
2017,1020,930,867,182
2018,1209,1075,1063,177
2019,932,835,705,160
2020,1181,1170,1021,180
2021,975,811,707,175
2022,1098,947,859,172
2023,952,798,643,172
2024,879,753,623,180
2025,1054,990,997,187
2026,1059,858,851,182
2027,999,869,812,182
2028,1104,1011,972,177
2029,939,835,737,177
2030,1016,850,816,175
2031,962,818,714,172
2032,959,780,627,160
2033,1042,853,847,193
2034,855,711,609,180
2035,957,801,675,177
2036,1072,904,802,180
2037,1203,1146,1020,172
2038,895,766,618,180
2039,1002,877,802,175
2040,1024,811,708,177
2041,1059,929,852,182
2042,1078,950,813,162
2043,1074,942,883,177
2044,1213,1222,1268,195
2045,910,805,631,170
2046,915,743,621,182
2047,1209,1156,1076,187
2048,1202,1160,1162,182
2049,1073,996,922,175
2050,995,944,743,170
2051,1056,978,866,187
2052,1050,838,728,167
2053,1017,945,780,167
2054,1071,1010,836,180
2055,963,846,729,177
2056,1072,1019,860,172
2057,1094,1079,1006,175
2058,984,931,731,167
2059,1078,973,947,177
2060,895,785,720,190
2061,1106,957,882,170
2062,1008,857,830,187
2063,1256,1158,1065,170
2064,1084,960,904,175
2065,953,781,724,185
2066,937,778,659,167
2067,1144,1059,996,190
2068,925,844,734,177
2069,968,823,777,182
2070,926,791,621,175
2071,998,919,766,165
2072,1016,876,693,165
2073,1065,962,867,170
2074,1170,1006,906,172
2075,1067,991,851,180
2076,1008,943,781,177
2077,1199,1110,994,175
2078,1129,998,932,177
2079,1250,1066,1028,175
2080,1072,990,822,180
2081,1122,1018,932,177
2082,1269,1150,1260,182
2083,1020,965,779,175
2084,1067,1002,901,182
2085,1248,1238,1157,177
2086,1130,1042,925,177
2087,1076,889,828,172
2088,1035,961,798,172
2089,1213,1235,1092,170
2090,1178,1101,1001,172
2091,1096,970,873,185
2092,1122,1007,894,177
2093,1162,1102,1052,180
2094,1006,924,847,177
2095,1051,957,744,165
2096,1003,880,820,182
2097,1202,1024,1119,175
2098,1285,1254,1287,180
2099,1166,1108,1050,193
2100,957,839,694,175
2101,957,862,662,165
2102,1374,1282,1307,177
2103,1117,1035,953,177
2104,917,787,781,185
2105,1066,938,868,187
2106,979,933,923,190
2107,1064,986,850,170
2108,1031,946,835,177
2109,919,748,646,172
2110,1098,934,858,175
2111,1000,802,742,177
2112,1112,968,887,175
2113,1124,1144,1057,177
2114,965,883,736,170
2115,997,795,696,175
2116,1192,1143,1137,180
2117,910,778,584,165
2118,998,818,720,167
2119,1145,1054,1009,177
2120,961,862,816,187
2121,1120,1003,921,177
2122,1083,972,907,185
2123,1062,914,813,167
2124,1058,1094,914,180
2125,1067,1004,918,177
2126,1127,1026,957,172
2127,985,811,675,167
2128,1044,948,752,170
2129,1025,958,814,167
2130,939,853,771,190
2131,1005,882,774,177
2132,974,800,712,172
2133,1082,870,844,177
2134,1179,1019,946,175
2135,967,829,674,165
2136,1051,982,890,175
2137,1082,919,902,180
2138,1313,1266,1354,190
2139,1162,966,1020,185
2140,928,857,646,167
2141,1007,863,831,182
2142,1074,926,888,185
2143,1069,985,850,177
2144,1081,849,870,187
2145,1162,970,1030,182
2146,1055,1019,909,177
2147,1004,862,691,182
2148,994,854,778,177
2149,974,891,778,185
2150,1034,940,866,180
2151,1085,1038,1001,187
2152,952,757,620,170
2153,934,752,692,180
2154,938,723,660,180
2155,1214,1108,1129,187
2156,1024,792,797,177
2157,969,798,732,177
2158,977,879,751,182
2159,964,851,713,175
2160,1156,1043,912,200
2161,1100,926,932,177
2162,1012,886,766,177
2163,994,835,771,177
2164,1016,844,794,177
2165,1061,936,789,167
2166,1031,916,761,167
2167,1036,866,753,170
2168,1183,1051,981,180
2169,1044,967,858,167
2170,1084,952,866,177
2171,1222,1088,1010,177
2172,1214,1270,1240,177
2173,1144,1105,1014,180
2174,1197,1104,1138,180
2175,1104,1066,898,170
2176,1143,1086,1178,198
2177,1288,1210,1263,185
2178,1161,1094,1054,182
2179,949,866,727,175
2180,936,816,660,162
2181,982,981,746,167
2182,1012,892,713,167
2183,1039,960,838,180
2184,937,886,708,177
2185,1137,1011,906,170
2186,982,754,754,182
2187,1152,1034,930,177
2188,1228,1065,1111,185
2189,1027,859,895,187
2190,978,891,694,170
2191,1152,931,935,182
2192,983,832,680,177
2193,1047,1061,942,177
2194,1091,859,896,187
2195,1073,902,762,167
2196,1062,901,799,165
2197,1174,1083,1096,180
2198,1112,1071,976,177
2199,1066,910,890,180
2200,986,840,762,177
2201,986,785,756,182
2202,998,864,717,162
2203,1056,940,822,175
2204,1112,1047,951,167
2205,1042,902,867,182
2206,1017,825,761,180
2207,996,896,772,175
2208,1147,972,941,182
2209,959,852,708,175
2210,1080,955,922,182
2211,1201,1144,1096,187
2212,947,737,668,175
2213,1139,1144,1103,177
2214,1084,920,897,172
2215,953,815,655,162
2216,907,731,630,172
2217,975,862,770,177
2218,1133,968,951,182
2219,944,837,696,182
2220,1115,937,941,182
2221,932,726,644,177
2222,1164,956,1012,187
2223,920,811,765,187
2224,1046,925,901,190
2225,1017,798,685,162
2226,907,744,607,170
2227,1030,910,702,165
2228,918,770,595,175
2229,989,787,705,177
2230,973,779,704,167
2231,1083,969,894,175
2232,1058,888,804,167
2233,1184,1029,924,182
2234,1123,1017,978,170
2235,1034,953,867,182
2236,1000,816,775,175
2237,1066,980,760,162
2238,1058,896,844,187
2239,1054,897,872,182
2240,1116,1000,907,167
2241,1002,880,848,190
2242,1131,1090,1017,185
2243,1091,955,829,167
2244,1102,946,840,205
2245,1079,978,957,180
2246,1188,1076,1205,198
2247,998,933,781,175
2248,894,732,639,170
2249,1139,1065,855,162
2250,1198,1234,1301,187
2251,978,857,698,162
2252,1140,1030,992,175
2253,1159,1076,1130,172
2254,976,892,810,177
2255,868,763,581,167
2256,1157,1035,1001,180
2257,977,862,729,172
2258,1031,868,779,172
2259,1029,985,791,172
2260,1216,1130,1042,177
2261,1009,1006,862,170
2262,1129,1056,948,177
2263,1081,920,859,177
2264,985,1013,829,170
2265,1070,1000,870,175
2266,953,765,724,185
2267,1122,1127,992,175
2268,969,841,769,177
2269,1278,1188,1200,180
2270,986,860,694,167
2271,1102,1010,894,172
2272,1127,1012,903,175
2273,890,831,677,177
2274,996,907,811,172
2275,1043,803,753,177
2276,1049,940,869,185
2277,1100,1012,975,185
2278,1020,851,852,180
2279,1055,910,803,167
2280,962,834,749,175
2281,1019,940,810,172
2282,918,760,696,172
2283,968,818,644,167
2284,1014,880,736,177
2285,984,827,730,170
2286,1007,821,772,170
2287,1026,875,868,180
2288,1173,1045,1015,175
2289,1058,923,802,170
2290,984,844,840,182
2291,1010,882,807,185
2292,1161,1096,1202,185
2293,1131,920,962,195
2294,922,787,676,180
2295,1108,900,880,175
2296,1028,1012,784,172
2297,957,752,615,172
2298,966,906,752,170
2299,917,773,657,177
2300,902,730,686,195
2301,1101,882,865,182
2302,956,819,746,180
2303,1007,855,775,180
2304,955,735,720,180
2305,971,781,641,175
2306,993,870,842,182
2307,960,807,733,182
2308,1121,972,955,180
2309,1255,1224,1219,175
2310,1007,905,847,182
2311,1071,920,896,185
2312,1172,1105,1158,185
2313,1053,917,857,175
2314,984,752,672,175
2315,1071,911,893,170
2316,1163,1082,977,170
2317,1085,875,822,180
2318,1019,904,830,175
2319,1058,946,869,167
2320,993,885,760,177
2321,1034,915,801,165
2322,909,739,689,177
2323,1028,776,695,167
2324,1047,961,793,167
2325,1129,1042,994,187
2326,1044,1028,869,170
2327,1021,828,806,187
2328,1101,952,986,172
2329,1066,1012,868,180
2330,996,860,761,172
2331,934,761,719,190
2332,987,802,727,165
2333,1302,1142,1265,187
2334,1121,1061,818,172
2335,1100,1053,875,172
2336,1071,916,801,175
2337,1163,1103,1123,187
2338,951,900,725,180
2339,1016,899,775,165
2340,890,822,637,170
2341,1042,880,819,172
2342,1148,1062,1013,175
2343,1077,1050,932,165
2344,1149,1007,956,170
2345,1158,1065,1078,185
2346,1003,841,820,180
2347,1011,916,814,177
2348,1158,1048,1040,187
2349,1074,997,908,177
2350,1068,988,927,170
2351,1036,981,775,170
2352,980,811,764,172
2353,940,767,702,182
2354,1044,966,874,177
2355,981,900,727,167
2356,1006,897,713,165
2357,1011,754,714,185
2358,996,853,750,172
2359,1072,915,812,170
2360,1158,1107,1084,182
2361,1181,1076,937,172
2362,1032,950,835,172
2363,1204,1199,1197,185
2364,1084,1048,1004,177
2365,1086,1070,998,182
2366,1058,966,929,172
2367,1081,1009,912,167
2368,985,880,786,175
2369,970,849,780,177
2370,942,850,663,165
2371,943,788,642,170
2372,1082,998,913,177
2373,1014,875,858,187
2374,955,801,647,165
2375,1005,850,777,175
2376,1201,1132,1146,180
2377,858,759,591,182
2378,848,740,552,170
2379,1030,1015,858,177
2380,1236,1128,1143,185
2381,1148,1087,1078,193
2382,1033,1002,811,167
2383,1082,953,837,177
2384,1063,1029,878,172
2385,949,789,732,182
2386,982,848,732,187
2387,1014,840,873,203
2388,1290,1245,1231,182
2389,933,856,685,170
2390,1098,1100,916,172
2391,1017,913,786,177
2392,1036,919,783,182
2393,944,825,690,167
2394,909,826,633,172
2395,980,888,800,170
2396,949,817,749,182
2397,964,912,721,170
2398,997,891,845,182
2399,1001,853,759,177
2400,1025,845,765,182
2401,1221,1200,1178,167
2402,1006,954,835,190
2403,888,725,644,182
2404,1043,1005,791,177
2405,1189,1061,919,172
2406,998,860,744,175
2407,1063,880,819,185
2408,1254,1148,1181,177
2409,1009,857,697,167
2410,1155,1084,1071,182
2411,1255,1175,1090,175
2412,1055,1038,925,177
2413,1065,920,1026,193
2414,1233,1155,1196,187
2415,1012,838,882,190
2416,900,770,634,180
2417,1042,881,840,180
2418,1112,1010,991,180
2419,920,737,677,177
2420,1192,1084,1047,175
2421,1005,960,922,203
2422,1040,915,822,175
2423,1102,914,899,182
2424,1120,960,850,167
2425,896,724,601,175
2426,1258,1238,1206,167
2427,1045,878,816,180
2428,1043,872,783,177
2429,1092,1004,906,175
2430,1109,938,817,167
2431,1076,936,872,182
2432,1037,963,848,177
2433,1047,950,869,172
2434,1202,1170,1108,180
2435,1109,1078,974,175
2436,1129,1038,1039,185
2437,994,862,776,175
2438,974,870,718,175
2439,1077,1010,884,175
2440,826,650,596,180
2441,931,860,605,165
2442,1032,902,796,175
2443,1050,830,786,185
2444,1192,1067,1021,180
2445,1116,999,955,180
2446,953,839,629,167
2447,979,802,760,182
2448,928,730,687,177
2449,1106,966,922,180
2450,993,838,678,170
2451,976,866,715,170
2452,1070,932,785,165
2453,917,816,732,193
2454,1023,808,739,172
2455,934,836,723,182
2456,1074,925,857,180
2457,979,775,700,180
2458,980,830,760,187
2459,984,857,717,170
2460,1161,1058,965,172
2461,1077,937,880,180
2462,1002,809,765,180
2463,1141,1003,974,175
2464,1052,930,846,180
2465,1059,866,734,170
2466,1024,911,804,175
2467,938,865,708,167
2468,1106,868,880,180
2469,987,865,715,170
2470,1143,1030,1014,187
2471,1097,925,775,162
2472,1233,1101,1089,177
2473,1063,927,965,182
2474,1053,957,864,177
2475,986,786,738,182
2476,1011,849,741,175
2477,1077,918,934,180
2478,1004,851,767,180
2479,1033,1011,809,170
2480,1027,905,797,170
2481,1142,1096,1046,182
2482,1017,891,787,165
2483,1021,855,798,180
2484,1037,940,774,167
2485,994,880,766,187
2486,1095,832,808,177
2487,1012,817,690,165
2488,1029,929,695,160
2489,1014,905,726,167
2490,883,794,590,177
2491,1024,941,872,177
2492,1098,1022,1017,200
2493,1044,970,873,177
2494,1056,873,771,175
2495,1252,1127,1146,182
2496,1083,918,880,177
2497,1162,1100,1035,177
2498,1162,1015,988,167
2499,1104,910,992,180
2500,1084,856,884,182
2501,1002,945,788,172
2502,966,783,750,182
2503,1023,988,753,167
2504,1131,1014,935,180
2505,1042,967,826,175
2506,1138,961,789,172
2507,1052,942,874,182
2508,1004,911,797,167
2509,992,811,639,167
2510,1008,875,828,175
2511,933,789,722,180
2512,1090,1021,967,177
2513,1183,1033,970,175
2514,1024,775,819,185
2515,1133,991,946,172
2516,1025,834,775,175
2517,951,790,686,170
2518,1023,1005,799,172
2519,962,739,719,187
2520,1108,952,841,175
2521,955,789,643,177
2522,1099,989,948,185
2523,920,820,669,172
2524,1052,887,823,175
2525,982,782,768,190
2526,1054,943,815,167
2527,1102,942,838,172
2528,988,814,768,182
2529,963,832,695,172
2530,952,796,692,170
2531,1089,991,959,177
2532,1064,967,830,175
2533,1105,1022,937,172
2534,1097,1043,903,170
2535,973,707,640,182
2536,1035,879,787,172
2537,1176,1188,1112,172
2538,1019,907,837,180
2539,977,828,660,165
2540,1014,960,781,172
2541,1032,871,821,187
2542,1123,1037,922,167
2543,996,865,741,185
2544,924,758,718,182
2545,1009,884,836,182
2546,934,865,725,170
2547,976,791,645,165
2548,964,849,766,185
2549,957,776,744,172
2550,938,825,633,182
2551,992,877,775,175
2552,890,741,535,165
2553,1011,918,770,170
2554,1084,950,847,172
2555,1150,1032,963,172
2556,986,907,762,162
2557,1082,795,807,180
2558,1263,1131,1049,170
2559,923,775,667,172
2560,1058,916,869,187
2561,1119,1076,1007,185
2562,993,965,758,170
2563,1038,891,889,185
2564,1035,913,902,180
2565,1019,891,735,170
2566,1135,903,930,185
2567,1001,794,766,180
2568,1078,935,888,177
2569,1018,898,788,185
2570,1092,966,968,187
2571,948,831,658,172
2572,956,804,716,180
2573,1076,924,860,187
2574,1020,904,852,193
2575,1064,928,811,175
2576,1121,1005,1000,185
2577,1005,852,784,170
2578,993,785,758,187
2579,870,728,569,170
2580,1161,1093,1081,182
2581,1119,977,933,180
2582,1110,1014,1010,185
2583,991,833,750,175
2584,1031,878,736,170
2585,1004,862,755,175
2586,1012,846,796,180
2587,979,796,742,177
2588,1043,956,863,172
2589,989,810,795,187
2590,977,828,753,177
2591,1027,949,900,182
2592,986,831,672,170
2593,1141,1017,904,170
2594,1195,1101,1144,180
2595,1053,835,785,170
2596,968,824,754,177
2597,1134,1002,952,175
2598,1194,1001,978,175
2599,1123,1007,1069,198
2600,1039,905,835,182
2601,982,786,690,177
2602,929,744,660,180
2603,997,855,786,177
2604,1035,884,729,170
2605,1025,928,736,160
2606,928,835,622,167
2607,1065,972,893,182
2608,1105,900,936,185
2609,1084,934,877,175
2610,1064,940,785,170
2611,1113,907,798,172
2612,937,730,654,182
2613,1029,961,905,185
2614,948,830,767,177
2615,1012,932,797,185
2616,1045,847,779,187
2617,963,807,695,172
2618,982,858,765,180
2619,1030,837,763,180
2620,1057,849,797,180
2621,952,755,632,167
2622,1079,934,906,170
2623,955,830,726,177
2624,953,786,645,167
2625,1002,850,743,172
2626,1139,1031,1122,185
2627,1018,870,775,177
2628,986,818,769,182
2629,1065,928,962,177
2630,1028,985,916,182
2631,1044,862,848,175
2632,1053,875,753,170
2633,1022,836,802,185
2634,1121,958,929,177
2635,1005,870,746,177
2636,1047,850,829,180
2637,1031,833,827,180
2638,1023,895,738,175
2639,1027,873,764,180
2640,1042,919,758,167
2641,1037,958,741,162
2642,1077,942,795,175
2643,1034,915,797,172
2644,1075,968,810,165
2645,1088,985,865,172
2646,920,740,682,185
2647,1060,862,873,172
2648,1047,907,869,182
2649,1026,849,705,165
2650,1092,989,873,187
2651,1151,1072,1200,185
2652,1033,936,762,175
2653,976,861,689,172
2654,960,751,654,175
2655,1053,1032,862,175
2656,918,780,620,170
2657,895,705,651,177
2658,1085,921,833,172
2659,866,698,567,170
2660,1075,922,842,177
2661,1098,885,938,190
2662,1020,803,764,175
2663,1064,902,825,182
2664,1081,925,886,187
2665,1142,1041,946,180
2666,1014,912,811,172
2667,1057,893,828,182
2668,1086,922,890,182
2669,898,800,640,180
2670,1137,999,938,185
2671,1258,1158,1149,180
2672,1087,975,895,177
2673,950,788,742,180
2674,1168,1036,998,175
2675,914,762,682,177
2676,947,838,743,182
2677,998,913,808,180
2678,1133,988,958,190
2679,1251,1182,1124,187
2680,1081,984,912,180
2681,1111,1060,1116,182
2682,905,770,606,165
2683,942,819,639,167
2684,1029,917,816,182
2685,1068,940,861,175
2686,1278,1186,1201,187
2687,1092,1019,901,172
2688,1085,957,814,167
2689,1000,931,754,175
2690,1082,926,868,182
2691,1088,935,894,185
2692,949,796,692,182
2693,1117,1034,865,175
2694,1100,980,1060,177
2695,1124,1011,898,172
2696,1005,880,792,175
2697,1079,1013,833,167
2698,1026,953,810,177
2699,1113,1105,975,182
2700,951,791,734,193
2701,895,757,584,160
2702,910,812,701,177
2703,971,869,719,185
2704,989,847,764,172
2705,925,768,702,187
2706,983,856,713,167
2707,1003,880,843,182
2708,963,858,791,185
2709,929,800,691,170
2710,971,796,743,180
2711,963,792,611,175
2712,894,716,630,177
2713,961,822,673,165
2714,997,794,764,177
2715,1022,835,811,172
2716,1028,891,775,175
2717,1026,829,867,175
2718,842,720,567,165
2719,1093,922,935,172
2720,897,741,648,167
2721,1082,832,774,167
2722,975,768,758,187
2723,985,780,716,175
2724,940,812,639,160
2725,1057,845,882,182
2726,932,762,694,170
2727,1001,932,728,170
2728,1000,840,765,182
2729,1201,1012,1096,180
2730,924,781,710,182
2731,1080,901,902,180
2732,968,787,773,180
2733,982,837,686,170
2734,894,701,560,170
2735,994,788,782,180
2736,957,783,703,175
2737,1063,991,950,185
2738,885,755,614,172
2739,982,836,756,182
2740,968,855,735,175
2741,1046,874,781,170
2742,1083,958,918,190
2743,949,776,667,165
2744,951,748,691,172
2745,1114,937,1001,185
2746,967,767,706,162
2747,1023,837,777,180
2748,978,843,819,182
2749,1055,962,888,170
2750,1018,911,823,177
2751,975,790,763,187
2752,1125,930,947,177
2753,1017,856,797,180
2754,1061,944,918,190
2755,1016,837,825,182
2756,1071,840,761,175
2757,1016,826,821,182
2758,944,831,703,180
2759,896,766,608,170
2760,978,782,697,177
2761,989,817,779,187
2762,1095,900,888,182
2763,1011,833,794,185
2764,1031,841,843,185
2765,963,821,707,170
2766,1094,974,885,175
2767,1148,1156,1093,182
2768,965,861,754,180
2769,1036,897,826,182
2770,1101,850,894,180
2771,1005,832,772,180
2772,930,783,716,185
2773,962,864,681,167
2774,1040,902,888,182
2775,945,788,735,177
2776,990,877,791,180
2777,990,927,813,185
2778,1081,918,815,177
2779,1006,858,830,182
2780,972,860,724,175
2781,912,765,676,180
2782,925,835,667,170
2783,992,854,740,175
2784,934,753,606,170
2785,1046,877,826,177
2786,993,825,747,180
2787,1152,1056,1071,187
2788,1027,851,862,187
2789,1008,865,932,193
2790,979,814,726,175
2791,979,785,677,175
2792,1002,893,866,175
2793,982,766,725,180
2794,1019,936,775,172
2795,841,715,478,152
2796,996,901,766,175
2797,1066,942,897,177
2798,1002,858,703,180
2799,975,817,750,177
2800,1057,892,846,177
2801,952,754,629,182
2802,943,818,638,170
2803,1056,898,892,185
2804,902,795,674,182
2805,921,815,721,180
2806,983,770,689,167
2807,955,783,737,177
2808,1004,846,765,182
2809,992,867,817,182
2810,1061,913,828,172
2811,980,830,681,175
2812,1067,935,888,180
2813,1074,934,793,170
2814,1062,967,858,180
2815,979,763,669,170
2816,917,797,722,185
2817,964,852,699,162
2818,995,883,889,167
2819,998,903,705,162
2820,953,843,665,170
2821,980,862,783,177
2822,1069,926,972,187
2823,1113,954,835,180
2824,1080,974,816,177
2825,1088,908,816,172
2826,951,796,685,175
2827,1002,832,850,172
2828,962,772,723,177
2829,1088,957,935,185
2830,949,801,722,187
2831,1133,1062,1113,195
2832,1194,1097,1135,187
2833,994,889,787,177
2834,976,779,671,180
2835,1095,976,949,180
2836,1063,984,909,180
2837,956,801,604,167
2838,1038,890,824,180
2839,1057,939,885,182
2840,1001,855,780,180
2841,940,802,717,177
2842,994,833,773,182
2843,998,841,807,187
2844,1062,906,776,172
2845,1028,1049,939,182
2846,1082,1010,965,185
2847,1022,874,814,172
2848,1079,915,943,185
2849,1044,842,831,182
2850,1044,911,821,175
2851,1056,948,922,175
2852,1205,1046,1039,182
2853,977,835,764,177
2854,905,797,661,177
2855,1097,978,972,190
2856,942,769,615,167
2857,987,853,727,177
2858,932,816,657,160
2859,968,803,686,165
2860,939,766,691,180
2861,1017,912,730,160
2862,964,802,738,175
2863,1010,909,864,180
2864,971,814,781,180
2865,1032,978,787,165
2866,1183,1168,1058,170
2867,1044,932,861,167
2868,1044,913,839,175
2869,1149,966,954,185
2870,976,833,752,187
2871,1078,1016,845,177
2872,1039,961,771,170
2873,1024,899,723,170
2874,1021,828,807,190
2875,1075,962,977,190
2876,1068,941,1008,195
2877,1161,1080,1059,172
2878,1156,950,954,182
2879,1129,1095,956,167
2880,1266,1116,1205,177
2881,1059,990,876,182
2882,1188,1030,941,175
2883,1109,970,838,167
2884,1058,999,860,172
2885,1153,988,1002,182
2886,1027,932,798,175
2887,980,938,813,180
2888,1201,1192,1312,195
2889,1091,978,937,177
2890,1011,787,763,170
2891,953,786,626,172
2892,1123,1000,887,180
2893,963,883,710,177
2894,1079,1021,887,172
2895,1004,926,817,182
2896,1052,811,782,170
2897,1004,943,841,182
2898,869,745,549,172
2899,1197,1020,1092,187
2900,900,775,663,180
2901,1213,1128,1072,180
2902,1237,1094,1147,182
2903,879,730,546,162
2904,1172,976,859,170
2905,1141,1002,976,190
2906,1054,883,870,180
2907,876,806,697,182
2908,1060,997,942,187
2909,910,741,620,175
2910,1131,1029,940,175
2911,986,895,735,172
2912,1029,944,809,177
2913,1202,1147,1045,180
2914,1217,1139,1069,175
2915,1086,1032,826,172
2916,967,771,713,175
2917,1052,957,907,177
2918,1058,938,876,182
2919,1197,1159,1128,177
2920,1237,1153,1063,185
2921,946,800,673,182
2922,1177,1013,893,180
2923,1030,874,784,182
2924,970,871,717,175
2925,921,857,776,175
2926,1017,828,749,167
2927,948,793,694,167
2928,988,772,801,187
2929,1017,890,778,170
2930,1066,893,924,193
2931,1066,981,885,177
2932,977,840,757,182
2933,1108,1035,938,172
2934,1127,1133,924,175
2935,1111,988,888,177
2936,940,825,661,180
2937,1145,967,910,177
2938,1091,982,809,172
2939,880,825,621,172
2940,1038,879,796,177
2941,914,752,636,165
2942,892,719,608,172
2943,1226,1084,1210,185
2944,1152,959,855,172
2945,982,873,744,177
2946,1259,1083,1114,187
2947,1106,920,913,182
2948,1159,1052,1074,182
2949,999,897,713,167
2950,1011,926,902,185
2951,1060,901,829,172
2952,1057,936,869,182
2953,997,864,866,187
2954,1073,859,772,172
2955,1002,836,801,185
2956,994,886,725,170
2957,941,722,667,175
2958,942,820,680,170
2959,1157,1075,1079,185
2960,991,1003,745,162
2961,975,842,792,185
2962,1167,1062,1052,177
2963,929,765,663,175
2964,1126,1011,905,175
2965,864,750,587,177
2966,972,899,687,165
2967,1235,1166,1090,180
2968,890,744,576,162
2969,1058,1048,922,167
2970,983,913,815,190
2971,1019,902,912,185
2972,1084,973,850,172
2973,1104,1011,920,172
2974,1279,1328,1442,193
2975,1017,850,739,182
2976,1175,1089,1062,180
2977,1206,1071,1049,180
2978,953,825,660,170
2979,914,864,622,172
2980,1101,1003,1022,190
2981,915,785,697,180
2982,1034,890,939,195
2983,986,830,793,175
2984,1088,1017,899,177
2985,948,785,727,187
2986,963,791,690,165
2987,1211,1071,1140,187
2988,1162,1028,995,180
2989,1091,976,887,172
2990,1069,960,894,175
2991,1077,976,842,167
2992,1006,900,804,170
2993,997,943,760,170
2994,1090,1046,913,170
2995,931,754,673,185
2996,1037,905,857,180
2997,964,767,688,167
2998,1087,964,885,177
2999,964,753,708,172
3000,1011,817,743,172
3001,1081,1010,985,185
3002,1095,1005,902,182
3003,981,836,852,185
3004,1020,882,851,180
3005,963,863,685,177
3006,1205,1151,1065,180
3007,1181,1052,1044,172
3008,1149,982,968,180
3009,1092,951,902,175
3010,1157,935,938,182
3011,1084,999,928,187
3012,1084,974,873,167
3013,1048,928,769,180
3014,1083,915,892,177
3015,1184,1070,963,180
3016,1115,994,947,175
3017,946,812,665,185
3018,980,822,754,182
3019,1123,1024,935,175
3020,1121,964,950,193
3021,1127,963,822,167
3022,1167,1020,1052,177
3023,992,830,747,182
3024,1042,883,845,175
3025,1102,1031,843,167
3026,1106,1048,925,185
3027,1044,992,926,185
3028,967,904,750,172
3029,1015,920,733,167
3030,1057,992,815,172
3031,1077,915,875,177
3032,966,930,770,180
3033,1152,1024,869,175
3034,983,861,850,182
3035,1182,1026,962,177
3036,1029,884,811,180
3037,1122,983,857,167
3038,1042,957,879,180
3039,1112,981,882,177
3040,928,826,712,175
3041,1036,925,832,180
3042,1006,863,742,170
3043,1043,850,833,185
3044,1195,1072,1151,185
3045,1072,878,792,177
3046,992,915,862,185
3047,1038,812,753,177
3048,998,933,823,177
3049,1017,847,837,177
3050,1118,987,932,180
3051,1051,956,879,177
3052,1067,942,819,177
3053,1192,1087,1061,187
3054,992,865,733,170
3055,1031,965,818,172
3056,1118,991,907,172
3057,1116,974,875,182
3058,1078,903,902,180
3059,1008,761,663,170
3060,984,773,740,177
3061,1143,1066,1093,198
3062,945,750,661,172
3063,1116,983,993,182
3064,1037,945,766,167
3065,961,828,619,157
3066,1082,847,792,170
3067,1116,1065,984,180
3068,1009,798,774,182
3069,1174,980,879,180
3070,1094,1044,928,175
3071,972,876,803,175
3072,1078,957,884,175
3073,990,830,836,185
3074,1043,895,810,187
3075,1109,933,936,177
3076,908,784,619,172
3077,1042,840,772,170
3078,1018,973,908,182
3079,949,815,661,175
3080,1167,1112,1090,182
3081,1120,1022,957,177
3082,1094,896,877,180
3083,1123,1076,991,177
3084,888,720,603,177
3085,988,921,791,167
3086,991,813,791,190
3087,976,821,771,177
3088,1037,935,927,180
3089,1062,897,801,170
3090,1175,1028,969,175
3091,1018,958,775,175
3092,858,735,564,157
3093,993,823,728,172
3094,1109,1018,1033,187
3095,949,867,710,185
3096,1092,938,948,185
3097,1112,1011,1020,190
3098,1038,916,935,182
3099,1112,1000,1007,195
3100,945,777,688,180
3101,1126,984,941,182
3102,977,820,690,167
3103,1151,980,1126,195
3104,1067,941,935,187
3105,1094,943,932,177
3106,1076,914,979,187
3107,1172,1081,917,175
3108,1076,978,850,177
3109,878,677,542,167
3110,1110,1062,948,180
3111,1146,990,858,172
3112,1138,1040,913,172
3113,1066,921,834,177
3114,1112,1024,891,167
3115,1112,1073,988,185
3116,1014,908,801,175
3117,1143,1072,940,172
3118,1188,1016,1002,185
3119,1109,1002,898,172
3120,902,772,645,180
3121,886,787,623,175
3122,1047,918,769,162
3123,917,725,627,177
3124,1047,952,855,185
3125,1076,985,855,175
3126,1143,951,881,175
3127,1082,893,765,167
3128,991,860,628,157
3129,1034,883,756,172
3130,1048,896,813,167
3131,1083,918,956,182
3132,1004,891,765,182
3133,1044,843,823,185
3134,1041,896,825,175
3135,1138,1022,1100,182
3136,991,870,773,182
3137,1073,975,807,165
3138,1176,1097,1099,190
3139,1238,1187,1059,180
3140,1165,1055,1044,177
3141,1057,1028,846,175
3142,1238,1217,1223,190
3143,1059,1036,1000,187
3144,978,874,835,180
3145,982,850,690,175
3146,1125,1011,1002,180
3147,1053,953,941,177
3148,1134,975,834,172
3149,1223,1164,1145,177
3150,1056,947,833,187
3151,1213,1093,945,167
3152,1109,956,868,182
3153,1137,1041,938,175
3154,1104,1086,966,177
3155,1127,1058,1008,175
3156,1119,1049,921,175
3157,1127,1053,1023,175
3158,1185,1024,949,170
3159,1126,1038,950,177
3160,1166,1088,1135,185
3161,1058,977,735,165
3162,1018,790,748,175
3163,1002,796,765,172
3164,1029,868,842,182
3165,1054,873,886,182
3166,957,820,726,190
3167,1021,946,829,187
3168,1012,895,828,182
3169,1128,980,917,180
3170,1174,1073,1064,182
3171,1012,854,804,185
3172,1034,899,947,198
3173,1112,994,951,185
3174,996,860,714,170
3175,899,722,578,170
3176,1017,845,803,190
3177,1076,906,775,175
3178,1133,942,938,180
3179,1177,1070,962,167
3180,1017,932,822,175
3181,1074,906,880,187
3182,1151,980,955,185
3183,857,725,596,180
3184,1060,921,794,167
3185,904,774,682,180
3186,1034,926,863,180
3187,1007,825,801,177
3188,962,833,723,175
3189,1114,891,1023,187
3190,1048,918,1010,193
3191,1068,902,830,182
3192,1027,876,784,175
3193,1151,1011,1069,180
3194,1039,835,809,182
3195,1047,931,794,167
3196,906,731,606,177
3197,961,798,654,170
3198,1040,860,748,170
3199,968,742,682,170
3200,1041,925,833,175
3201,1173,1000,1025,187
3202,1051,860,828,170
3203,1061,893,891,180
3204,1128,995,949,177
3205,979,920,702,165
3206,1277,1110,1223,187
3207,1159,1032,954,190
3208,1041,868,727,152
3209,1187,1064,1008,180
3210,1115,1002,880,182
3211,1158,1137,1103,187
3212,933,799,700,170
3213,1076,912,861,180
3214,1053,894,786,167
3215,1004,813,792,177
3216,991,897,785,177
3217,862,703,533,167
3218,906,788,677,177
3219,1068,991,843,170
3220,1093,860,908,180
3221,987,945,757,165
3222,940,776,629,187
3223,837,703,551,172
3224,1137,1046,962,182
3225,973,940,751,167
3226,1132,994,939,177
3227,1091,1000,1055,193
3228,928,785,633,175
3229,1006,905,704,170
3230,1244,1178,1239,193
3231,960,823,714,187
3232,1099,1018,859,167
3233,1089,1011,932,187
3234,1008,932,802,180
3235,1087,1006,845,177
3236,931,865,687,180
3237,1106,1001,823,170
3238,1142,974,924,175
3239,1008,953,804,172
3240,995,842,816,187
3241,1072,888,871,187
3242,1044,803,797,182
3243,1146,984,991,190
3244,1011,851,829,182
3245,1179,1081,1105,195
3246,1172,1027,1038,177
3247,1085,825,781,172
3248,1066,782,718,172
3249,1179,1013,879,170
3250,1032,960,799,175
3251,1038,951,809,180
3252,1117,960,890,167
3253,1006,842,721,175
3254,1107,995,910,167
3255,1044,883,789,170
3256,1083,1037,879,180
3257,1141,1048,893,177
3258,1063,1019,889,180
3259,1139,1060,1007,185
3260,1196,1072,1074,182
3261,1057,951,775,167
3262,1062,875,779,177
3263,968,850,670,180
3264,840,670,516,167
3265,1046,963,887,177
3266,959,876,644,170
3267,1115,965,949,187
3268,947,874,710,177
3269,999,908,748,170
3270,1041,778,808,182
3271,984,793,741,182
3272,919,730,611,172
3273,987,752,658,172
3274,1040,952,824,175
3275,992,801,753,177
3276,1017,930,856,182
3277,1097,1017,939,180
3278,1029,893,762,167
3279,972,806,725,177
3280,949,801,700,167
3281,1026,891,786,177
3282,1212,1105,994,167
3283,1081,972,939,185
3284,959,727,652,175
3285,1039,957,849,182
3286,1039,948,809,172
3287,1062,1065,955,170
3288,1039,847,838,185
3289,1057,941,914,187
3290,1182,1174,1084,180
3291,1157,1019,921,182
3292,1153,1123,1043,180
3293,1014,706,629,177
3294,1017,910,800,175
3295,1122,992,869,177
3296,1086,999,948,187
3297,958,740,672,170
3298,1007,835,741,177
3299,1171,1085,1012,180
3300,1047,912,856,172
3301,1082,856,788,172
3302,1177,1018,1002,180
3303,934,839,689,185
3304,1132,932,877,185
3305,1082,897,857,175
3306,1068,945,900,182
3307,1103,1029,958,177
3308,1080,887,753,170
3309,1023,897,818,167
3310,913,768,597,167
3311,1042,866,730,167
3312,969,907,806,175
3313,1003,918,760,177
3314,938,716,668,170
3315,1087,934,965,182
3316,968,845,794,195
3317,951,827,705,182
3318,1112,1101,1076,175
3319,1133,1047,957,187
3320,1162,1070,958,165
3321,1177,1135,983,170
3322,963,759,675,187
3323,1001,888,798,187
3324,1065,981,912,175
3325,1037,956,876,175
3326,994,928,783,180
3327,1030,850,849,190
3328,867,743,603,165
3329,1063,970,887,177
3330,1066,970,947,182
3331,988,932,708,165
3332,1022,857,860,177
3333,1003,807,743,180
3334,1110,1001,946,172
3335,1068,1052,889,172
3336,1058,961,956,195
3337,908,721,602,175
3338,1247,1175,1153,175
3339,1096,983,947,180
3340,981,816,720,170
3341,983,858,752,172
3342,942,801,669,162
3343,1108,1026,1062,187
3344,1184,1095,1088,167
3345,984,767,710,177
3346,1133,1082,997,175
3347,1139,967,916,177
3348,1170,1073,947,167
3349,1053,933,761,172
3350,1196,1139,950,165
3351,1037,867,773,167
3352,1046,904,846,177
3353,1122,1006,917,177
3354,1133,1156,1008,180
3355,1081,964,821,172
3356,1008,933,747,182
3357,1159,1047,1107,193
3358,993,910,774,170
3359,1267,1254,1271,193
3360,1104,996,842,180
3361,1048,960,792,170
3362,1102,892,848,177
3363,1083,1002,832,172
3364,1113,1021,880,175
3365,1039,972,887,180
3366,1234,1171,1067,177
3367,1081,1020,908,175
3368,954,811,699,182
3369,1120,1115,1009,187
3370,1063,1020,813,175
3371,1141,1036,967,180
3372,957,826,724,175
3373,948,795,656,167
3374,1151,1036,1054,182
3375,1077,1009,958,180
3376,1187,1076,1135,180
3377,1123,934,886,180
3378,1072,903,834,187
3379,1005,923,834,175
3380,1025,904,862,177
3381,955,846,738,172
3382,960,872,760,180
3383,1055,805,778,182
3384,1126,956,931,177
3385,934,838,695,172
3386,1041,939,1017,200
3387,1047,960,815,177
3388,1134,1018,1006,187
3389,905,761,606,175
3390,926,871,778,182
3391,936,838,650,170
3392,1228,1137,1126,180
3393,1070,978,907,170
3394,1036,843,815,177
3395,957,777,673,180
3396,987,810,727,185
3397,1054,944,829,175
3398,1091,1004,936,177
3399,1090,947,932,182
3400,1056,858,879,182
3401,1140,990,951,182
3402,984,887,756,177
3403,976,833,780,195
3404,1147,996,926,170
3405,1282,1168,1302,182
3406,1057,912,821,193
3407,1183,1113,1098,182
3408,1098,897,956,190
3409,942,753,633,170
3410,1083,981,971,180
3411,979,805,760,167
3412,1104,1003,926,185
3413,1202,1162,1084,177
3414,862,757,562,175
3415,1042,943,874,180
3416,947,824,633,170
3417,1077,1017,826,165
3418,1152,1117,1033,175
3419,1002,880,772,180
3420,1059,1005,880,170
3421,1196,1182,1050,172
3422,1128,1020,982,180
3423,910,760,689,198
3424,1022,960,853,180
3425,1181,1200,984,167
3426,971,870,681,160
3427,1227,1122,1129,182
3428,1009,861,939,193
3429,1110,974,994,182
3430,1112,1195,1054,175
3431,987,835,664,172
3432,1022,972,753,175
3433,1216,1113,1095,175
3434,927,785,679,172
3435,962,802,757,175
3436,1066,1020,996,182
3437,1035,904,981,195
3438,1123,1095,1116,185
3439,969,793,729,182
3440,1203,1102,983,170
3441,978,955,865,187
3442,1248,1113,1239,182
3443,891,802,631,175
3444,1116,1027,965,180
3445,1039,839,778,170
3446,926,825,682,170
3447,1004,896,876,175
3448,1122,1082,1028,187
3449,1106,967,935,180
3450,1032,910,784,167
3451,1146,1020,914,175
3452,1054,922,875,170
3453,942,728,637,170
3454,1090,975,939,185
3455,944,874,729,185
3456,1006,868,841,177
3457,1066,977,877,180
3458,1147,1019,965,175
3459,1083,910,991,180
3460,1130,1058,1001,182
3461,1062,933,872,170
3462,1174,1100,1131,187
3463,973,860,744,180
3464,919,748,647,162
3465,1172,1007,1019,187
3466,927,883,681,172
3467,1076,992,892,193
3468,1037,853,824,175
3469,981,888,793,185
3470,1182,1146,1166,187
3471,1117,1127,948,167
3472,1178,982,1132,195
3473,1154,1153,1093,182
3474,993,832,688,167
3475,1167,1102,1052,180
3476,1007,873,768,185
3477,1101,1017,927,177
3478,1059,875,820,172
3479,1131,996,877,170
3480,1054,883,825,185
3481,988,859,762,170
3482,1059,887,894,190
3483,1053,917,791,175
3484,965,878,677,167
3485,1038,970,850,180
3486,997,821,750,180
3487,1028,888,780,175
3488,975,782,752,175
3489,1008,893,706,167
3490,901,730,596,170
3491,994,953,861,167
3492,889,742,552,162
3493,947,835,723,180
3494,1107,970,907,182
3495,938,780,690,187
3496,1122,1085,959,167
3497,959,775,690,180
3498,1055,873,840,180
3499,1017,853,792,182
3500,943,844,706,180
3501,1031,893,791,172
3502,1128,904,887,177
3503,1032,880,871,182
3504,1028,903,874,175
3505,1046,901,812,182
3506,1047,980,875,180
3507,962,847,772,182
3508,949,811,654,162
3509,1114,1005,872,170
3510,971,875,700,167
3511,1033,944,785,170
3512,1118,980,870,170
3513,1027,836,700,160
3514,1064,965,824,175
3515,1073,949,813,170
3516,1088,968,873,170
3517,968,836,787,193
3518,1020,815,748,177
3519,987,812,793,193
3520,1061,1037,942,193
3521,994,925,867,190
3522,1127,1008,889,180
3523,1069,933,970,187
3524,1107,1074,938,172
3525,1242,1137,1046,177
3526,989,838,768,172
3527,1211,1127,1104,180
3528,1135,1080,991,175
3529,1017,1014,837,170
3530,1000,818,687,170
3531,1092,1002,885,177
3532,1113,1000,869,175
3533,1127,1100,1034,180
3534,1019,900,792,172
3535,939,817,651,182
3536,1044,976,831,177
3537,1125,1090,999,180
3538,1219,1071,968,165
3539,1043,916,847,177
3540,1009,922,737,180
3541,1097,917,849,182
3542,1079,1011,985,180
3543,1025,867,774,172
3544,997,872,855,182
3545,1250,1214,1111,170
3546,1075,968,829,177
3547,1161,1051,966,182
3548,1014,798,665,172
3549,1087,980,868,170
3550,1100,971,934,185
3551,1297,1103,1123,180
3552,1117,998,954,177
3553,1017,883,776,170
3554,1014,870,727,165
3555,1132,1043,915,175
3556,1173,1113,1076,180
3557,1144,1050,1027,180
3558,1072,965,798,170
3559,1017,935,839,175
3560,1066,966,888,180
3561,1127,1103,891,175
3562,1101,1007,998,190
3563,1215,1122,1161,185
3564,1057,955,767,167
3565,1194,1123,1179,187
3566,1127,995,1086,193
3567,1277,1287,1329,180
3568,1072,983,952,185
3569,1041,973,878,172
3570,1053,939,822,167
3571,1088,1000,870,172
3572,1080,893,954,182
3573,1066,996,835,180
3574,977,847,672,170
3575,1149,1058,938,175
3576,1106,988,913,175
3577,1144,1029,947,180
3578,1124,1062,964,190
3579,971,793,720,180
3580,948,805,666,175
3581,1034,873,700,170
3582,1056,931,767,175
3583,969,835,785,182
3584,1336,1223,1209,172
3585,1233,1118,1100,190
3586,1062,912,781,175
3587,1015,866,761,172
3588,986,844,723,170
3589,987,860,820,180
3590,1072,930,798,180
3591,1024,898,779,172
3592,1037,880,798,177
3593,949,826,680,177
3594,1254,1052,1096,185
3595,1130,982,858,175
3596,1077,1010,829,172
3597,1174,1073,1162,190
3598,999,887,774,180
3599,1093,1024,989,185
3600,1071,850,844,175
3601,1106,870,851,180
3602,1024,897,731,170
3603,1038,948,776,170
3604,994,789,754,180
3605,1149,1010,963,172
3606,1044,955,863,175
3607,1180,985,928,170
3608,1043,975,836,180
3609,1265,1325,1369,190
3610,1058,1026,861,172
3611,1007,926,786,180
3612,1177,1100,1055,172
3613,950,825,693,167
3614,953,800,683,170
3615,888,729,587,175
3616,999,850,712,165
3617,1029,891,746,172
3618,1223,1097,995,175
3619,1068,938,847,167
3620,1246,1110,1285,193
3621,1074,953,830,172
3622,994,893,881,187
3623,1105,991,897,172
3624,1082,897,862,182
3625,1052,986,979,185
3626,1022,917,868,177
3627,986,731,693,175
3628,1111,978,888,182
3629,986,884,758,177
3630,950,780,703,172
3631,1005,845,743,180
3632,1025,896,926,180
3633,1053,991,903,180
3634,1092,877,908,190
3635,879,721,563,170
3636,1282,1334,1336,182
3637,1009,892,879,180
3638,1064,953,839,170
3639,985,800,769,187
3640,1044,928,807,177
3641,1272,1042,1121,190
3642,970,794,676,170
3643,1185,1117,1004,167
3644,1072,908,781,175
3645,979,800,709,172
3646,932,783,790,193
3647,932,785,688,172
3648,989,799,748,182
3649,992,865,746,170
3650,1155,1062,945,177
3651,1024,936,797,175
3652,1076,943,877,180
3653,1004,973,799,182
3654,1105,965,900,180
3655,1102,1015,943,182
3656,1182,1063,933,170
3657,1088,965,878,172
3658,937,787,572,162
3659,1202,1096,1079,175
3660,1054,943,791,175
3661,1097,930,780,165
3662,1132,955,912,182
3663,1224,1127,1166,182
3664,1174,1140,1107,182
3665,1143,1041,963,175
3666,1158,1081,952,172
3667,1176,1060,1055,180
3668,1103,983,982,185
3669,1137,1046,965,177
3670,1108,1129,959,182
3671,1032,882,767,182
3672,1077,957,845,172
3673,1173,1067,957,172
3674,1104,931,809,170
3675,1117,966,840,165
3676,1024,931,843,175
3677,1076,981,842,170
3678,1058,924,870,190
3679,949,814,649,167
3680,1057,976,944,190
3681,1082,1025,926,185
3682,1217,1038,973,182
3683,1016,939,810,187
3684,1052,899,802,182
3685,923,796,667,172
3686,1056,937,840,177
3687,1155,983,923,180
3688,1110,845,887,190
3689,1036,957,790,167
3690,1237,1167,1102,180
3691,1043,939,829,177
3692,1068,1025,883,177
3693,1177,1039,826,165
3694,1158,1073,1074,172
3695,992,900,750,187
3696,1128,1100,1004,185
3697,1287,1128,1264,190
3698,1120,1042,957,182
3699,1104,1028,894,170
3700,1067,987,849,175
3701,1126,1052,930,170
3702,1218,1137,1193,193
3703,1142,1080,1042,175
3704,1086,1005,907,182
3705,928,757,682,187
3706,1089,932,902,187
3707,1253,1147,1189,180
3708,1176,1054,922,180
3709,1151,950,1010,185
3710,1123,953,796,172
3711,1233,1120,1049,177
3712,1117,1068,994,177
3713,1079,958,859,175
3714,988,788,729,175
3715,932,808,696,180
3716,1179,1165,1038,187
3717,1045,950,944,187
3718,1276,1300,1375,193
3719,1067,976,853,185
3720,1053,855,843,182
3721,901,777,660,175
3722,1136,1077,937,177
3723,1146,1033,941,180
3724,1024,961,770,172
3725,1122,1118,937,170
3726,942,786,673,167
3727,1054,966,830,172
3728,1063,907,783,170
3729,1114,1025,900,162
3730,945,795,673,165
3731,1039,893,790,165
3732,1177,1108,1015,162
3733,916,736,574,170
3734,946,890,765,180
3735,1094,914,919,187
3736,1024,851,797,180
3737,961,841,731,172
3738,1209,1176,1065,177
3739,1053,908,675,167
3740,1064,828,778,182
3741,963,815,739,182
3742,985,887,779,180
3743,1268,1158,1207,187
3744,956,836,719,180
3745,1086,903,871,185
3746,1242,1128,1034,165
3747,1037,831,812,175
3748,1035,832,807,180
3749,922,763,664,175
3750,1189,1068,1002,177
3751,976,928,789,177
3752,1057,1013,836,162
3753,958,764,755,177
3754,1067,968,885,172
3755,1076,1063,835,167
3756,1191,1140,1013,170
3757,918,775,713,180
3758,1029,853,776,180
3759,1078,1030,902,175
3760,949,840,794,193
3761,1054,943,842,180
3762,1112,1026,932,170
3763,964,885,667,165
3764,1208,1054,1043,185
3765,1024,882,736,165
3766,1058,917,809,170
3767,1086,995,830,172
3768,1043,927,802,185
3769,871,758,606,172
3770,1042,924,801,182
3771,986,760,668,177
3772,1041,1016,811,172
3773,882,769,591,177
3774,1117,1061,924,175
3775,1170,1038,938,187
3776,981,817,735,180
3777,1128,968,885,185
3778,1038,904,855,175
3779,1053,954,839,170
3780,914,815,678,180
3781,1044,960,811,177
3782,1065,976,930,182
3783,1075,896,846,170
3784,968,857,729,175
3785,898,728,588,185
3786,1175,1051,941,175
3787,1147,1021,1003,180
3788,1026,980,817,175
3789,1066,876,804,177
3790,1008,838,730,175
3791,992,946,804,175
3792,1048,911,849,180
3793,1173,1080,1025,177
3794,1046,882,864,185
3795,1170,1076,1094,187
3796,1086,916,882,170
3797,1122,1101,936,170
3798,1078,958,920,182
3799,1087,944,862,180
3800,1042,888,861,182
3801,1203,1058,977,182
3802,935,777,707,175
3803,1106,882,969,185
3804,1042,870,718,160
3805,978,761,699,170
3806,977,822,711,162
3807,1098,1014,939,177
3808,1088,907,859,172
3809,1064,913,892,193
3810,935,820,744,177
3811,930,745,632,182
3812,1063,855,913,193
3813,966,795,716,177
3814,1029,845,899,187
3815,1004,872,859,182
3816,1019,912,826,182
3817,1065,917,911,177
3818,1162,995,967,180
3819,1055,957,789,172
3820,976,822,733,165
3821,1061,902,901,175
3822,956,753,693,170
3823,1068,960,817,177
3824,1082,918,846,172
3825,952,823,752,172
3826,1142,972,944,180
3827,948,843,693,180
3828,1119,1063,872,175
3829,1017,824,749,172
3830,1074,970,899,177
3831,1099,1023,862,167
3832,1035,900,825,182
3833,1042,933,803,172
3834,1017,828,740,170
3835,1171,1030,966,177
3836,1088,986,879,172
3837,986,821,757,198
3838,1157,837,882,175
3839,994,797,733,172
3840,993,844,730,177
3841,1208,1165,1142,175
3842,1095,913,780,165
3843,1187,1068,1019,175
3844,1238,1147,1095,175
3845,939,746,687,180
3846,1196,1131,997,175
3847,1135,1100,1021,182
3848,1117,1083,950,180
3849,1039,964,838,182
3850,1174,1100,970,167
3851,973,791,697,165
3852,1147,1111,1012,182
3853,873,771,625,170
3854,1159,1054,1051,182
3855,1044,894,898,187
3856,1130,1002,914,172
3857,1056,911,805,175
3858,1004,907,770,177
3859,1108,1010,980,172
3860,1106,987,1020,187
3861,1019,851,783,180
3862,1056,901,801,175
3863,1120,1014,912,175
3864,1093,933,787,165
3865,943,755,607,170
3866,1023,837,798,180
3867,1153,1066,1011,175
3868,1042,946,890,180
3869,962,830,690,175
3870,974,771,684,182
3871,1183,1092,1085,180
3872,964,786,655,175
3873,977,873,797,177
3874,1017,933,845,172
3875,853,720,578,180
3876,1159,1036,962,167
3877,1121,916,921,182
3878,1253,1191,1093,172
3879,1084,1002,890,182
3880,1038,934,873,185
3881,1017,901,768,175
3882,1009,896,819,175
3883,1044,850,821,187
3884,990,830,691,167
3885,1114,977,913,182
3886,1066,920,882,193
3887,1049,875,861,182
3888,1171,1176,1083,175
3889,952,900,718,177
3890,1200,1175,1069,185
3891,1106,1047,883,167
3892,1083,950,862,177
3893,1097,1100,1047,180
3894,990,841,682,167
3895,1087,935,877,175
3896,1024,875,776,182
3897,1032,877,753,170
3898,1112,1016,924,175
3899,1038,858,767,187
3900,1011,850,839,177
3901,1095,932,868,172
3902,1144,1117,1108,187
3903,976,800,762,187
3904,1147,1000,968,182
3905,931,831,711,167
3906,1118,1110,1010,177
3907,1083,1104,1012,185
3908,1158,1056,870,172
3909,1142,1066,979,182
3910,1155,1127,1038,187
3911,1066,984,891,180
3912,996,846,746,170
3913,1056,950,840,175
3914,989,840,750,182
3915,1263,1176,1106,175
3916,989,905,727,175
3917,1004,885,882,185
3918,877,912,663,185
3919,1062,971,852,182
3920,981,846,734,167
3921,974,835,687,172
3922,1119,988,925,187
3923,1020,897,762,170
3924,1063,868,804,175
3925,1128,1046,921,172
3926,1021,901,914,185
3927,994,805,796,182
3928,972,792,746,175
3929,930,830,726,185
3930,915,808,687,180
3931,1042,917,892,187
3932,936,763,690,177
3933,940,784,682,172
3934,1088,945,757,167
3935,1036,910,827,172
3936,1001,907,801,172
3937,1011,1020,930,182
3938,953,906,760,175
3939,1083,1033,950,180
3940,914,815,691,180
3941,1012,891,811,175
3942,1067,865,847,180
3943,983,856,730,175
3944,1035,900,791,180
3945,1136,1024,963,180
3946,1238,1120,1049,180
3947,1027,985,870,177
3948,951,816,705,170
3949,1172,1048,978,177
3950,1183,1108,1039,180
3951,1171,1096,969,175
3952,975,854,783,193
3953,1074,930,836,172
3954,956,827,694,170
3955,1144,1082,958,175
3956,1129,988,945,172
3957,1020,972,807,182
3958,1068,1040,912,180
3959,1038,967,850,180
3960,1007,890,744,170
3961,1076,1074,980,180
3962,1081,938,926,180
3963,1109,927,843,180
3964,1023,895,782,175
3965,1167,1098,969,175
3966,1086,1001,869,167
3967,1096,965,956,185
3968,1037,995,876,177
3969,1007,940,892,185
3970,934,775,609,167
3971,1060,988,796,172
3972,1081,1058,981,198
3973,993,862,742,177
3974,1106,1042,955,177
3975,1053,938,952,187
3976,1125,998,848,172
3977,1099,902,871,185
3978,1158,1082,1041,182
3979,908,780,662,175
3980,1055,920,821,175
3981,1047,961,844,175
3982,1062,945,876,182
3983,994,860,800,182
3984,1130,949,984,193
3985,955,810,787,177
3986,1097,939,952,182
3987,899,732,676,182
3988,973,825,683,180
3989,1038,868,841,180
3990,1016,952,828,185
3991,1083,948,937,187
3992,1158,1090,1060,185
3993,1066,880,869,182
3994,1014,915,853,193
3995,1034,853,753,175
3996,1089,955,933,185
3997,1053,978,849,175
3998,1116,960,957,182
3999,1014,816,755,167
4000,1077,951,773,172
4001,1010,810,735,185
4002,1018,885,849,182
4003,1099,1003,1010,190
4004,1032,935,741,170
4005,1054,887,773,165
4006,1126,1026,833,170
4007,1032,908,945,190
4008,1133,1077,984,185
4009,1041,940,746,170
4010,1048,960,917,182
4011,1087,936,883,185
4012,1154,1048,1016,190
4013,927,755,670,182
4014,990,830,726,172
4015,1242,1112,1185,193
4016,1041,875,829,193
4017,958,950,786,177
4018,994,826,781,172
4019,962,822,713,175
4020,1024,890,831,175
4021,1047,880,771,185
4022,994,975,731,175
4023,1043,825,775,172
4024,1012,846,727,172
4025,1020,860,758,172
4026,1060,915,898,182
4027,1321,1302,1346,182
4028,1086,825,870,180
4029,945,864,670,170
4030,1005,900,847,185
4031,1172,1070,1013,180
4032,987,908,802,180
4033,937,808,697,167
4034,1076,955,947,180
4035,1027,830,791,177
4036,996,771,736,167
4037,1143,955,855,172
4038,1147,1065,1036,170
4039,1024,866,759,170
4040,1098,990,932,180
4041,1128,1048,955,182
4042,959,833,661,170
4043,1101,987,936,180
4044,1094,992,865,180
4045,1062,958,784,167
4046,963,836,724,177
4047,1007,892,737,165
4048,1077,976,838,175
4049,1093,976,792,165
4050,973,911,700,177
4051,1078,999,886,180
4052,1032,821,703,172
4053,1016,835,750,180
4054,1147,995,953,180
4055,1028,877,785,182
4056,1101,1019,980,165
4057,964,890,717,170
4058,968,730,642,180
4059,1044,823,784,180
4060,1010,948,734,167
4061,1088,1080,1000,182
4062,1064,941,962,193
4063,1031,895,809,182
4064,1010,906,791,177
4065,953,834,680,170
4066,969,804,656,167
4067,1012,949,841,175
4068,884,722,588,175
4069,969,852,738,175
4070,934,774,672,177
4071,907,826,620,157
4072,957,807,737,170
4073,1086,870,848,175
4074,925,835,792,187
4075,1054,1051,858,177
4076,1003,947,848,185
4077,954,816,675,170
4078,1072,978,896,180
4079,1045,991,832,170
4080,984,783,731,175
4081,1144,1080,985,185
